{
  "obj_name" : " SKYLINE_GTR_BODY_door-mirro_Group10_Entity39",
  "vertices" : [-260.926996,318.153769,143.390122,-257.746796,314.347254,144.572382,-255.261444,309.144429,145.377898,-253.429985,300.445445,145.671907,-253.158203,293.140986,145.481554,-255.102354,286.860073,144.657256,-260.387238,282.196352,142.542526,-265.549051,320.75326,141.567301,-267.057932,281.092844,140.001956,-270.857374,321.217533,139.473333,-279.377576,321.460428,136.113142,-282.03153,281.746719,134.394413,-293.951962,321.31695,130.37163,-296.781508,283.450314,128.976986,-299.634632,320.835083,128.149756,-305.924738,319.213789,125.70575,-312.08876,315.122774,123.146438,-314.688784,310.437795,122.138049,-316.679569,301.300847,121.773707,-316.159191,293.56948,122.222011,-312.494152,288.711246,123.573228,-307.818384,286.035458,125.308957,-266.313002,300.672708,140.774742,-306.910166,301.948322,125.49927],
  "indices" : [11,13,12,12,10,11,11,10,9,9,7,22,22,8,11,11,9,22,14,12,13,23,15,14,14,13,21,21,23,14,17,16,15,15,23,17,23,21,20,20,19,23,19,18,17,17,23,19,22,7,0,0,1,22,22,1,2,2,3,22,5,6,8,8,22,5,22,3,4,4,5,22]
}