{
  "obj_name" : " SKYLINE_GTR_BODY_door-mirro_Group10_Entity38",
  "vertices" : [260.926973,318.153769,143.39011,257.746773,314.347254,144.572371,255.261421,309.144429,145.377886,253.429962,300.445445,145.671895,253.15818,293.140986,145.481543,255.102331,286.860073,144.657245,260.387215,282.196352,142.542514,265.549028,320.75326,141.567289,267.057909,281.092844,140.001945,270.857351,321.217533,139.473322,279.377553,321.460428,136.113131,282.031506,281.746719,134.394402,293.951939,321.31695,130.371619,296.781486,283.450314,128.976974,299.634609,320.835083,128.149744,305.924715,319.213789,125.705738,312.088737,315.122774,123.146427,314.688761,310.437795,122.138037,316.679546,301.300847,121.773695,316.159168,293.56948,122.222,312.494129,288.711246,123.573217,307.818361,286.035458,125.308945,266.312979,300.672708,140.774731,306.910143,301.948322,125.499258],
  "indices" : [13,11,12,10,12,11,10,11,9,7,9,22,8,22,11,9,11,22,12,14,13,15,23,14,13,14,21,23,21,14,16,17,15,23,15,17,21,23,20,19,20,23,18,19,17,23,17,19,7,22,0,1,0,22,1,22,2,3,2,22,6,5,8,22,8,5,3,22,4,5,4,22]
}