{
  "obj_name" : " SKYLINE_GTR_BODY_headlight-_Group02_Entity10",
  "vertices" : [132.306755,201.672044,696.933712,129.774879,191.901608,702.451897,127.827286,184.241048,706.184792,125.814766,175.44441,710.404587,125.879684,173.496813,710.923943,126.528893,172.26334,710.404587,127.827286,171.354465,709.171109,129.450272,170.964943,707.937626,130.42408,170.964943,707.158593,161.098722,171.289539,692.713913,188.365078,171.451839,679.567639,211.022118,171.77644,667.395157,228.290813,172.490543,655.871875,238.158646,172.977442,645.971592,246.176254,173.496813,634.286009,250.688175,174.016165,623.801451,133.618137,205.469862,694.239529,132.696266,201.672044,641.94656,130.359154,191.836684,645.354855,128.606323,184.241048,647.919188,126.691177,175.509335,650.353685,126.788567,173.951262,650.548446,127.372849,172.847614,650.029085,128.476482,172.068567,649.704486,129.90472,171.873837,649.120201,161.131191,172.198416,641.459651,188.39755,172.26334,636.071308,211.054588,172.360716,631.526915,228.290813,173.042366,628.11862,238.158646,173.43189,626.333323,246.078861,173.788961,624.548025,193.568992,215.590614,653.157823,137.122898,208.443779,691.552887,165.468006,212.422718,672.515854,216.688461,217.895638,635.113269,224.835941,218.328806,628.290163,244.06937,213.59955,613.443421,232.20134,218.754904,622.003594,239.240082,217.198872,616.427077,245.635708,212.21582,612.686375,247.157959,210.06311,612.075619,248.754646,206.832293,611.718815,250.883308,197.541682,613.931172,250.571228,199.680247,612.872307,251.691135,187.396542,618.237692,137.143284,208.391258,640.615701,165.545736,212.448751,633.149911,193.623593,215.532446,626.008723,216.670155,217.966944,620.003634,224.785145,218.291542,617.893736,232.250931,218.77844,615.946141,239.22982,217.155443,614.160843,244.098812,213.617319,612.765068,251.989765,175.389254,623.260296,133.897285,205.469862,641.264899,245.656887,212.189075,612.440457,244.865692,198.191396,617.32872,163.39185,192.810284,637.204295,226.477024,196.453608,622.828415,216.050634,212.93565,621.274889,220.527945,172.735361,629.653653,211.562449,217.427401,621.334515],
  "indices" : [7,8,24,14,30,13,29,13,30,13,29,12,28,12,29,11,27,10,26,10,27,10,26,9,25,9,26,9,25,8,24,8,25,7,24,6,23,6,24,6,23,5,22,5,23,5,22,4,21,4,22,4,21,3,20,3,21,3,20,2,19,2,20,2,19,1,18,1,19,1,18,0,17,0,18,14,15,30,32,45,33,46,33,45,33,46,31,47,31,46,34,48,35,49,35,48,35,49,37,50,37,49,37,50,38,51,38,50,38,51,36,52,36,51,0,17,16,54,16,17,16,54,32,45,32,54,50,49,28,58,28,49,28,29,50,51,50,29,36,52,39,55,39,52,39,55,40,52,56,55,40,55,56,40,56,41,43,41,56,43,56,42,42,56,44,30,56,29,51,29,52,56,52,29,15,53,30,56,30,44,53,44,30,45,54,46,57,46,54,18,57,17,54,17,57,19,20,18,57,18,20,21,22,20,57,20,22,25,57,24,23,24,22,57,22,24,48,59,49,58,49,59,28,58,60,28,60,12,11,12,27,60,27,12,48,61,59,48,34,61,47,61,31,34,31,61]
}