{
  "obj_name" : " SKYLINE_GTR_BODY_headlight-_Group02_Entity11",
  "vertices" : [143.804469,171.074257,664.960657,139.733057,173.803753,664.960657,136.34926,177.284321,664.960657,133.777813,181.395208,664.960663,132.143513,186.015759,664.960648,131.570999,191.025178,664.960657,132.035074,195.542745,664.960663,133.366913,199.7561,664.960657,135.475988,203.577632,664.960654,138.271774,206.919735,664.960648,141.663715,209.694719,664.960657,162.23807,212.662672,664.960657,167.561767,210.255974,664.960654,172.055758,206.692393,664.960654,175.517069,202.168465,664.960654,177.742746,196.880608,664.960648,178.52972,191.025178,664.960657,177.971457,186.077354,664.960654,176.376671,181.507067,664.960654,173.865423,177.430573,664.960654,170.557714,173.963913,664.960657,166.573605,171.223341,664.960657,143.804469,168.639759,601.66376,139.733057,171.622454,601.66376,136.34926,175.706753,601.663769,133.777813,180.53826,601.66376,132.143513,185.762581,601.663739,131.570999,191.025178,601.66376,132.035074,195.542745,601.66376,133.366913,199.7561,601.66376,135.475988,203.577632,601.663748,138.271774,206.919735,601.663739,141.663715,209.694719,601.66376,168.73006,213.474173,601.66376,172.141188,209.576441,601.663748,174.870506,205.445109,601.66376,176.87421,200.936596,601.663748,178.108576,195.907345,601.663748,178.52972,190.213679,601.66376,178.245794,185.268292,601.66376,177.426945,180.637995,601.66376,176.122484,176.337923,601.663748,174.381763,172.383156,601.66376,172.254095,168.788845,601.66376],
  "indices" : [0,1,23,23,22,0,1,2,24,24,23,1,2,3,25,25,24,2,3,4,26,26,25,3,4,5,27,27,26,4,5,6,28,28,27,5,6,7,29,29,28,6,7,8,30,30,29,7,8,9,31,31,30,8,9,10,32,32,31,9,11,12,34,34,33,11,12,13,35,35,34,12,13,14,36,36,35,13,14,15,37,37,36,14,15,16,38,38,37,15,16,17,39,39,38,16,17,18,40,40,39,17,18,19,41,41,40,18,19,20,42,42,41,19,20,21,43,43,42,20,43,21,0,0,22,43,32,10,11,11,33,32]
}