{
  "obj_name" : " SKYLINE_GTR_BODY_headlight-_Group04_Entity18",
  "vertices" : [231.513453,219.39233,616.633343,236.583536,216.767857,616.278074,240.959329,213.135687,616.352369,244.475282,208.629512,616.854404,246.965806,203.38318,617.782398,248.265393,197.530523,619.134486,248.253089,191.787308,620.737216,247.052464,186.351494,622.508942,244.780703,181.368207,624.384145,241.555194,176.982628,626.297151,237.493064,173.339779,628.182538,216.581875,215.659435,624.930441,223.763284,216.060251,623.279925,230.994141,214.215637,622.244372,237.413143,210.292806,621.961794,242.158924,204.458951,622.5702,244.370199,196.881324,624.207542,244.360035,190.671834,625.939703,243.312239,185.25403,627.673687,241.257182,180.554331,629.423402,238.225335,176.499254,631.202874,234.24707,173.015179,633.026052],
  "indices" : [1,0,12,11,12,0,2,1,13,12,13,1,3,2,14,13,14,2,4,3,15,14,15,3,5,4,16,15,16,4,6,5,17,16,17,5,7,6,18,17,18,6,8,7,19,18,19,7,9,8,20,19,20,8,10,9,21,20,21,9]
}