{
  "obj_name" : " SKYLINE_GTR_BODY_headlight-_Group03_Entity13",
  "vertices" : [-132.306747,201.672044,696.933682,-129.774872,191.901608,702.451867,-127.827278,184.241048,706.184761,-125.814751,175.44441,710.404557,-125.879669,173.496813,710.923912,-126.528877,172.26334,710.404557,-127.827278,171.354465,709.171078,-129.450264,170.964943,707.937596,-130.424072,170.964943,707.158562,-161.098715,171.289539,692.713883,-188.365069,171.451839,679.567608,-211.02211,171.77644,667.395123,-228.290806,172.490543,655.871843,-238.158638,172.977442,645.971558,-246.176247,173.496813,634.285977,-250.688168,174.016165,623.801417,-133.61813,205.469862,694.239498,-132.696259,201.672044,641.946526,-130.359146,191.836684,645.354821,-128.606316,184.241048,647.919155,-126.691162,175.509335,650.353651,-126.788551,173.951262,650.548413,-127.372841,172.847614,650.029052,-128.476475,172.068567,649.704452,-129.904713,171.873837,649.120167,-161.131184,172.198416,641.459617,-188.397541,172.26334,636.071275,-211.054581,172.360716,631.526883,-228.290806,173.042366,628.118586,-238.158638,173.43189,626.333289,-246.078854,173.788961,624.547991,-193.568983,215.590614,653.15779,-137.12289,208.443779,691.552857,-165.467999,212.422718,672.51582,-216.688454,217.895638,635.113237,-224.835934,218.328806,628.290129,-244.069363,213.59955,613.44339,-232.201332,218.754904,622.003559,-239.240074,217.198872,616.427042,-245.6357,212.21582,612.686345,-247.157951,210.06311,612.075589,-248.754639,206.832293,611.718785,-250.883301,197.541682,613.931141,-250.57122,199.680247,612.872277,-251.691128,187.396542,618.237658,-137.143276,208.391258,640.615667,-165.545729,212.448751,633.149879,-193.623584,215.532446,626.008688,-216.670147,217.966944,620.0036,-224.785137,218.291542,617.893702,-232.250923,218.77844,615.946106,-239.229813,217.155443,614.160809,-244.098804,213.617319,612.765038,-251.989758,175.389254,623.260262,-133.897278,205.469862,641.264866,-245.656879,212.189075,612.440426,-244.865685,198.191396,617.328686,-163.391842,192.810284,637.204262,-226.477016,196.453608,622.828381,-216.050627,212.93565,621.274855,-220.527937,172.735361,629.653618,-211.562441,217.427401,621.334481],
  "indices" : [8,7,24,30,14,13,13,29,30,29,13,12,12,28,29,27,11,10,10,26,27,26,10,9,9,25,26,25,9,8,8,24,25,24,7,6,6,23,24,23,6,5,5,22,23,22,5,4,4,21,22,21,4,3,3,20,21,20,3,2,2,19,20,19,2,1,1,18,19,18,1,0,0,17,18,15,14,30,45,32,33,33,46,45,46,33,31,31,47,46,48,34,35,35,49,48,49,35,37,37,50,49,50,37,38,38,51,50,51,38,36,36,52,51,17,0,16,16,54,17,54,16,32,32,45,54,49,50,28,28,58,49,29,28,50,50,51,29,52,36,39,39,55,52,55,39,40,56,52,55,55,40,56,56,40,41,41,43,56,56,43,42,56,42,44,56,30,29,29,51,52,52,56,29,53,15,30,30,56,44,44,53,30,54,45,46,46,57,54,57,18,17,17,54,57,20,19,18,18,57,20,22,21,20,20,57,22,57,25,24,24,23,22,22,57,24,59,48,49,49,58,59,58,28,60,60,28,12,12,11,27,27,60,12,61,48,59,34,48,61,61,47,31,31,34,61]
}