{
  "obj_name" : " SKYLINE_GTR_BODY_headlight-_Group02_Entity12",
  "vertices" : [170.668545,171.310602,630.066218,167.752995,174.628872,630.066218,165.388275,178.309522,630.066218,163.63018,182.302448,630.066227,162.534458,186.557745,630.066207,162.156803,191.025188,630.066218,162.645525,196.100482,630.066218,164.056734,200.891058,630.066218,166.30785,205.322899,630.066218,169.316437,209.322006,630.066207,172.999918,212.814205,630.066218,210.792698,216.507713,630.066218,216.314852,212.977554,630.066207,220.899027,208.515125,630.066218,224.379122,203.269526,630.066218,226.589066,197.389865,630.066198,227.362587,191.025188,630.066218,227.023285,186.788535,630.066218,226.037027,182.739956,630.066218,224.451195,178.921969,630.066218,222.313147,175.377092,630.066218,219.670267,172.147898,630.066218,170.668545,171.310602,601.663763,167.752995,174.628872,601.663763,165.388275,178.309522,601.663763,163.63018,182.302448,601.663774,162.534458,186.557745,601.663744,162.156803,191.025188,601.663763,162.645525,196.100482,601.663754,164.056734,200.891058,601.663763,166.30785,205.322899,601.663763,169.316437,209.322006,601.663744,172.999918,212.814205,601.663763,210.792698,216.507713,601.663763,216.314852,212.977554,601.663763,220.899027,208.515125,601.663763,224.379122,203.269526,601.663763,226.589066,197.389865,601.663744,227.362587,191.025188,601.663763,227.023285,186.788535,601.663763,226.037027,182.739956,601.663763,224.451195,178.921969,601.663754,222.313147,175.377092,601.663763,219.670267,172.147898,601.663763],
  "indices" : [0,1,23,23,22,0,1,2,24,24,23,1,2,3,25,25,24,2,3,4,26,26,25,3,4,5,27,27,26,4,5,6,28,28,27,5,6,7,29,29,28,6,7,8,30,30,29,7,8,9,31,31,30,8,9,10,32,32,31,9,11,12,34,34,33,11,12,13,35,35,34,12,13,14,36,36,35,13,14,15,37,37,36,14,15,16,38,38,37,15,16,17,39,39,38,16,17,18,40,40,39,17,18,19,41,41,40,18,19,20,42,42,41,19,20,21,43,43,42,20,11,33,32,32,10,11,0,22,43,43,21,0]
}