{
  "obj_name" : " SKYLINE_GTR_BLK-PARTS_front-glas",
  "vertices" : [0.0,280.508303,316.990005,233.62709,278.453424,256.016696,239.967255,278.247558,244.130856,0.0,282.482289,296.702538,57.466545,282.367954,293.978628,111.112511,282.029962,286.621094,158.091125,281.52228,275.851223,195.555588,280.898916,262.890463,207.95343,280.443141,256.748116,219.283005,279.741599,249.714466,229.346359,279.116908,242.518003,57.454109,280.372413,315.099945,111.013008,280.081394,309.519424,158.079926,279.770901,299.882244,195.40889,279.597328,286.27803,209.912415,279.228726,279.202854,222.621521,278.878629,269.024133,234.716766,278.781412,238.190392,243.4496,278.21259,228.082237,238.933319,278.51502,234.273365,-233.62709,278.453424,256.016696,-239.967255,278.247558,244.130856,-57.466545,282.367954,293.978628,-111.112511,282.029962,286.621094,-158.091125,281.52228,275.851223,-195.555588,280.898916,262.890463,-207.95343,280.443141,256.748116,-219.283005,279.741599,249.714466,-229.346359,279.116908,242.518003,-57.454109,280.372413,315.099945,-111.013008,280.081394,309.519424,-158.079926,279.770901,299.882244,-195.40889,279.597328,286.27803,-209.912415,279.228726,279.202854,-222.621521,278.878629,269.024133,-234.716766,278.781412,238.190392,-243.4496,278.21259,228.082237,-238.933319,278.51502,234.273365],
  "indices" : [4,3,0,0,11,4,1,10,9,9,16,1,16,9,8,8,15,16,15,8,7,7,14,15,14,7,6,6,13,14,13,6,5,5,12,13,12,5,4,4,11,12,17,10,1,1,2,17,2,18,19,19,17,2,34,27,28,28,20,34,33,26,27,27,34,33,32,25,26,26,33,32,31,24,25,25,32,31,30,23,24,24,31,30,29,22,23,23,30,29,21,20,28,28,35,21,37,36,21,21,35,37,0,3,22,22,29,0]
}