{
  "obj_name" : " SKYLINE_GTR_BODY_headlight-_Group06_Entity24",
  "vertices" : [216.581877,215.659418,624.930361,223.763283,216.060234,623.279835,230.99414,214.21562,622.244272,237.413143,210.292789,621.961714,242.158925,204.458933,622.57012,244.370197,196.881307,624.207461,244.360035,190.671816,625.939642,243.312239,185.254012,627.673607,241.257182,180.554314,629.423342,238.225335,176.499237,631.202794,234.247069,173.015162,633.025972,201.498499,211.485232,622.658164,207.223093,211.80474,621.342461,212.987111,210.334334,620.516985,218.103951,207.207272,620.291733,221.887009,202.556864,620.77673,223.649701,196.51643,622.081913,223.641598,191.566605,623.462699,222.806364,187.24785,624.844912,221.16817,183.501505,626.239705,218.751386,180.269062,627.658173,215.580143,177.491758,629.111501],
  "indices" : [1,0,12,11,12,0,2,1,13,12,13,1,3,2,14,13,14,2,4,3,15,14,15,3,5,4,16,15,16,4,6,5,17,16,17,5,7,6,18,17,18,6,8,7,19,18,19,7,9,8,20,19,20,8,10,9,21,20,21,9]
}