{
  "obj_name" : " SKYLINE_GTR_BODY_headlight-_Group06_Entity22",
  "vertices" : [145.939109,175.515602,665.112041,147.610685,178.794366,654.232857,151.050768,184.727896,642.296229,142.765824,177.542883,665.123854,140.128474,180.12801,665.133666,143.330079,182.439631,653.945801,148.842278,186.480958,642.30445,138.124285,183.181313,665.141135,136.850502,186.613164,665.14586,140.692698,187.624526,653.487342,147.596411,188.945826,642.309077,136.404278,190.333814,665.147529,136.765974,193.689171,665.146182,140.635144,192.78832,653.449888,147.564266,191.635243,642.309205,137.804012,196.818573,665.142319,139.447843,199.656956,665.136206,142.864161,197.47952,653.712783,148.583592,193.903457,642.305412,141.626912,202.139238,665.128089,144.270604,204.200298,665.118257,146.460422,200.990679,653.874865,150.416606,195.630269,642.298596,160.306361,206.404697,665.058568,158.921701,202.530742,653.734655,156.511436,196.468118,642.275901,164.455663,204.617162,665.04312,167.958302,201.97038,665.030084,164.463489,199.094909,653.425014,159.419765,194.782753,642.265074,170.65608,198.610309,665.020045,172.390778,194.682841,665.013581,167.870118,193.481779,652.965653,161.104456,192.012919,642.258793,173.004156,190.333814,665.011307,172.569046,186.65889,665.012922,168.026692,187.669103,652.991825,161.172204,188.963182,642.258556,171.326061,183.264384,665.017558,169.368816,180.236639,665.024839,165.648126,182.594363,653.587185,159.955857,186.522247,642.263083,166.790763,177.661854,665.034442,163.685512,175.62635,665.045998,161.58875,178.993477,653.98181,157.795767,184.769976,642.271126,154.379518,190.375974,642.303608],
  "indices" : [43,44,0,1,0,44,44,45,1,2,1,45,25,24,22,21,22,24,24,23,21,20,21,23,22,46,25,2,45,46,46,22,18,46,18,14,46,14,10,46,10,6,46,6,2,46,45,41,46,41,37,46,37,33,46,33,29,46,29,25,22,21,18,17,18,21,16,17,19,20,19,21,17,21,19,18,17,14,13,14,17,12,13,15,16,15,17,13,17,15,14,13,10,9,10,13,8,9,11,12,11,13,9,13,11,10,9,6,5,6,9,4,5,7,8,7,9,5,9,7,6,5,2,1,2,5,0,1,3,4,3,5,1,5,3,29,28,25,24,25,28,27,26,28,24,28,23,26,23,28,33,32,29,28,29,32,31,30,32,28,32,27,30,27,32,37,36,33,32,33,36,35,34,36,32,36,31,34,31,36,41,40,37,36,37,40,39,38,40,36,40,35,38,35,40,45,44,41,40,41,44,43,42,44,40,44,39,42,39,44]
}