{
  "obj_name" : " SKYLINE_GTR_BODY_headlight-_Group07_Entity25",
  "vertices" : [-145.939101,175.515602,665.112014,-147.610678,178.794366,654.23283,-151.050761,184.727896,642.296202,-142.765817,177.542883,665.123827,-140.128467,180.12801,665.13364,-143.330071,182.439631,653.945774,-148.84227,186.480958,642.304424,-138.124277,183.181313,665.141108,-136.850494,186.613164,665.145833,-140.692691,187.624526,653.487315,-147.596403,188.945826,642.30905,-136.40427,190.333814,665.147502,-136.765966,193.689171,665.146156,-140.635137,192.78832,653.44986,-147.564258,191.635243,642.309179,-137.804005,196.818573,665.142292,-139.447835,199.656956,665.136179,-142.864153,197.47952,653.712756,-148.583584,193.903457,642.305385,-141.626904,202.139238,665.128063,-144.270597,204.200298,665.11823,-146.460414,200.990679,653.874838,-150.416599,195.630269,642.298569,-160.306353,206.404697,665.058542,-158.921694,202.530742,653.734628,-156.511428,196.468118,642.275874,-164.455655,204.617162,665.043093,-167.958295,201.97038,665.030057,-164.463481,199.094909,653.424987,-159.419757,194.782753,642.265047,-170.656073,198.610309,665.020018,-172.39077,194.682841,665.013554,-167.870111,193.481779,652.965626,-161.104449,192.012919,642.258767,-173.004148,190.333814,665.01128,-172.569038,186.65889,665.012895,-168.026685,187.669103,652.991798,-161.172196,188.963182,642.258529,-171.326054,183.264384,665.017531,-169.368809,180.236639,665.024812,-165.648118,182.594363,653.587158,-159.955849,186.522247,642.263056,-166.790755,177.661854,665.034416,-163.685504,175.62635,665.045971,-161.588743,178.993477,653.981783,-157.795759,184.769976,642.271099,-154.37951,190.375974,642.303582],
  "indices" : [44,43,0,0,1,44,45,44,1,1,2,45,24,25,22,22,21,24,23,24,21,21,20,23,46,22,25,45,2,46,22,46,18,18,46,14,14,46,10,10,46,6,6,46,2,45,46,41,41,46,37,37,46,33,33,46,29,29,46,25,21,22,18,18,17,21,17,16,19,19,20,21,21,17,19,17,18,14,14,13,17,13,12,15,15,16,17,17,13,15,13,14,10,10,9,13,9,8,11,11,12,13,13,9,11,9,10,6,6,5,9,5,4,7,7,8,9,9,5,7,5,6,2,2,1,5,1,0,3,3,4,5,5,1,3,28,29,25,25,24,28,26,27,28,28,24,23,23,26,28,32,33,29,29,28,32,30,31,32,32,28,27,27,30,32,36,37,33,33,32,36,34,35,36,36,32,31,31,34,36,40,41,37,37,36,40,38,39,40,40,36,35,35,38,40,44,45,41,41,40,44,42,43,44,44,40,39,39,42,44]
}