{
  "obj_name" : " SKYLINE_GTR_BODY_headlight-_Group07_Entity27",
  "vertices" : [-216.581863,215.659418,624.930321,-223.76327,216.060234,623.279795,-230.994128,214.21562,622.244233,-237.41313,210.292789,621.961674,-242.158912,204.458933,622.57008,-244.370186,196.881307,624.207422,-244.360023,190.671816,625.939603,-243.312227,185.254012,627.673567,-241.257169,180.554314,629.423302,-238.225322,176.499237,631.202754,-234.247056,173.015162,633.025932,-201.498487,211.485232,622.658125,-207.223082,211.80474,621.342421,-212.987098,210.334334,620.516945,-218.103938,207.207272,620.291693,-221.886997,202.556864,620.77669,-223.649688,196.51643,622.081874,-223.641585,191.566605,623.46266,-222.806351,187.24785,624.844872,-221.168158,183.501505,626.239665,-218.751374,180.269062,627.658133,-215.58013,177.491758,629.111461],
  "indices" : [0,1,12,12,11,0,1,2,13,13,12,1,2,3,14,14,13,2,3,4,15,15,14,3,4,5,16,16,15,4,5,6,17,17,16,5,6,7,18,18,17,6,7,8,19,19,18,7,8,9,20,20,19,8,9,10,21,21,20,9]
}