{
  "obj_name" : " SKYLINE_GTR_BODY_headlight-_Group07_Entity26",
  "vertices" : [-173.714523,173.144829,630.066183,-177.998844,176.271338,610.44846,-186.665397,184.148125,591.925745,-171.167612,176.123995,630.066183,-169.101877,179.531043,630.066183,-174.429161,181.529635,610.515316,-184.891293,186.604375,591.925745,-167.566053,183.248067,630.066193,-166.608877,187.157089,630.066173,-172.174002,188.077613,610.618615,-183.932452,189.537459,591.925726,-166.278967,191.140129,630.066183,-166.705894,195.573734,630.066183,-172.270329,194.43298,610.578199,-183.969778,192.774578,591.925745,-167.938677,199.758579,630.066183,-169.905174,203.630097,630.066183,-175.169218,201.186625,610.263396,-185.200241,195.873211,591.925745,-172.533371,207.123563,630.066173,-175.751114,210.174212,630.066183,-179.701623,206.493225,610.059709,-187.448702,198.390204,591.925745,-208.765482,213.400711,630.066183,-206.112182,208.903074,610.234758,-200.146517,199.631147,591.925745,-213.589441,210.316877,630.066173,-217.594017,206.418674,630.066183,-212.470083,203.239186,609.916211,-203.542131,196.945753,591.925745,-220.634106,201.83632,630.066183,-222.564585,196.700064,630.066163,-216.193369,195.240021,609.423893,-205.453889,193.207866,591.925726,-223.240311,191.140129,630.066183,-222.943945,187.358696,630.066183,-216.463644,188.239636,609.362813,-205.599765,189.615023,591.925736,-222.082399,183.6302,630.066183,-220.697067,180.066084,630.066183,-214.674484,182.031711,609.535544,-204.735605,186.810162,591.925745,-218.829311,176.777613,630.066183,-216.520584,173.876247,630.066183,-211.60121,176.979794,609.647313,-203.129251,184.429455,591.925745,-194.564928,191.3498,591.925745],
  "indices" : [44,43,0,0,1,44,45,44,1,1,2,45,24,25,22,22,21,24,23,24,21,21,20,23,21,22,18,18,17,21,17,18,14,14,13,17,13,14,10,10,9,13,9,10,6,6,5,9,5,6,2,2,1,5,1,0,3,3,4,5,5,1,3,5,4,7,7,8,9,9,5,7,9,8,11,11,12,13,13,9,11,13,12,15,15,16,17,17,13,15,17,16,19,19,20,21,21,17,19,28,29,25,25,24,28,32,33,29,29,28,32,36,37,33,33,32,36,40,41,37,37,36,40,44,45,41,41,40,44,42,43,44,44,40,39,39,42,44,38,39,40,40,36,35,35,38,40,34,35,36,36,32,31,31,34,36,30,31,32,32,28,27,27,30,32,26,27,28,28,24,23,23,26,28,14,18,22,22,46,14,6,10,14,14,46,6,2,6,46,45,2,46,41,45,46,33,37,41,41,46,33,46,22,25,25,29,33,33,46,25]
}