{
  "obj_name" : " SKYLINE_GTR_BODY_headlight-_Group06_Entity23",
  "vertices" : [173.714539,173.144829,630.066218,177.998859,176.271338,610.448494,186.665411,184.148125,591.92578,171.167627,176.123995,630.066218,169.101892,179.531043,630.066218,174.429176,181.529635,610.51535,184.891308,186.604375,591.92578,167.566069,183.248067,630.066227,166.608892,187.157089,630.066207,172.174017,188.077613,610.618649,183.932467,189.537459,591.925761,166.278982,191.140129,630.066218,166.70591,195.573734,630.066218,172.270344,194.43298,610.578233,183.969793,192.774578,591.92578,167.938692,199.758579,630.066218,169.90519,203.630097,630.066218,175.169233,201.186625,610.26343,185.200256,195.873211,591.92578,172.533386,207.123563,630.066207,175.751129,210.174212,630.066218,179.701638,206.493225,610.059744,187.448717,198.390204,591.92578,208.765497,213.400711,630.066218,206.112197,208.903074,610.234792,200.146532,199.631147,591.92578,213.589457,210.316877,630.066207,217.594032,206.418674,630.066218,212.470098,203.239186,609.916245,203.542147,196.945753,591.92578,220.634121,201.83632,630.066218,222.5646,196.700064,630.066198,216.193384,195.240021,609.423928,205.453904,193.207866,591.925761,223.240326,191.140129,630.066218,222.94396,187.358696,630.066218,216.463659,188.239636,609.362847,205.59978,189.615023,591.92577,222.082415,183.6302,630.066218,220.697083,180.066084,630.066218,214.6745,182.031711,609.535578,204.73562,186.810162,591.92578,218.829327,176.777613,630.066218,216.520599,173.876247,630.066218,211.601225,176.979794,609.647347,203.129266,184.429455,591.92578,194.564943,191.3498,591.92578],
  "indices" : [43,44,0,1,0,44,44,45,1,2,1,45,25,24,22,21,22,24,24,23,21,20,21,23,22,21,18,17,18,21,18,17,14,13,14,17,14,13,10,9,10,13,10,9,6,5,6,9,6,5,2,1,2,5,0,1,3,4,3,5,1,5,3,4,5,7,8,7,9,5,9,7,8,9,11,12,11,13,9,13,11,12,13,15,16,15,17,13,17,15,16,17,19,20,19,21,17,21,19,29,28,25,24,25,28,33,32,29,28,29,32,37,36,33,32,33,36,41,40,37,36,37,40,45,44,41,40,41,44,43,42,44,40,44,39,42,39,44,39,38,40,36,40,35,38,35,40,35,34,36,32,36,31,34,31,36,31,30,32,28,32,27,30,27,32,27,26,28,24,28,23,26,23,28,18,14,22,46,22,14,10,6,14,46,14,6,6,2,46,2,45,46,45,41,46,37,33,41,46,41,33,22,46,25,29,25,33,46,33,25]
}