{
  "obj_name" : " SKYLINE_GTR_BODY_rear-bumpe_Entity47",
  "vertices" : [75.144783,89.782583,-692.319595,75.144783,87.797442,-694.794824,76.243838,87.153335,-695.598081,84.682369,87.153335,-695.598081,85.531967,87.666109,-694.958551,85.531967,89.782583,-692.319595,76.76778,90.431782,-714.23006,76.76778,88.446631,-716.70529,77.523379,87.802534,-717.508547,83.324872,87.802534,-717.508547,83.908969,88.315308,-716.869016,83.908969,90.431782,-714.23006,76.733391,91.342122,-714.98561,76.733391,89.356962,-717.644378,77.496266,88.712874,-718.507229,83.353649,88.712874,-718.507229,83.943362,89.225638,-717.819832,83.943362,91.342122,-714.98561,75.956282,114.939041,-723.156546,75.956282,112.953892,-725.631775,76.883611,112.309795,-726.435033,84.003621,112.309795,-726.435033,84.720467,112.822559,-725.795502,84.720467,114.939041,-723.156546],
  "indices" : [6,7,1,1,0,6,7,8,2,2,1,7,8,9,3,3,2,8,9,10,4,4,3,9,10,11,5,5,4,10,12,13,7,7,6,12,13,14,8,8,7,13,14,15,9,9,8,14,15,16,10,10,9,15,16,17,11,11,10,16,18,19,13,13,12,18,19,20,14,14,13,19,20,21,15,15,14,20,21,22,16,16,15,21,22,23,17,17,16,22,5,11,17,17,23,5,18,12,6,6,0,18]
}