{
  "obj_name" : " SKYLINE_GTR_BODY_rear-bumpe_Entity48",
  "vertices" : [-75.144775,89.782583,-692.31961,-75.144775,87.797442,-694.79484,-76.24383,87.153335,-695.598096,-84.682362,87.153335,-695.598096,-85.531959,87.666109,-694.958566,-85.531959,89.782583,-692.31961,-76.767773,90.431782,-714.230075,-76.767773,88.446631,-716.705304,-77.523372,87.802534,-717.508561,-83.324865,87.802534,-717.508561,-83.908962,88.315308,-716.86903,-83.908962,90.431782,-714.230075,-76.733384,91.342122,-714.985624,-76.733384,89.356962,-717.644392,-77.49626,88.712874,-718.507244,-83.353642,88.712874,-718.507244,-83.943355,89.225638,-717.819847,-83.943355,91.342122,-714.985624,-75.956274,114.939041,-723.15656,-75.956274,112.953892,-725.631789,-76.883604,112.309795,-726.435047,-84.003614,112.309795,-726.435047,-84.72046,112.822559,-725.795516,-84.72046,114.939041,-723.15656],
  "indices" : [6,7,1,1,0,6,7,8,2,2,1,7,8,9,3,3,2,8,9,10,4,4,3,9,10,11,5,5,4,10,12,13,7,7,6,12,13,14,8,8,7,13,14,15,9,9,8,14,15,16,10,10,9,15,16,17,11,11,10,16,18,19,13,13,12,18,19,20,14,14,13,19,20,21,15,15,14,20,21,22,16,16,15,21,22,23,17,17,16,22,5,11,17,17,23,5,18,12,6,6,0,18]
}