{
  "obj_name" : " SKYLINE_GTR_BODY_Entity157",
  "vertices" : [243.4496,218.397913,240.067421,-81.220879,266.895884,230.868489,-81.220879,223.467865,247.881504,-81.220879,218.18148,249.76376,-81.220879,213.754223,253.169281,-81.220879,155.199722,273.416712,-81.220879,73.928131,304.686412,243.4496,223.467865,238.113087,-148.747711,266.38105,230.149353,-148.747711,223.467865,247.120724,-148.747711,218.269657,249.032303,-148.747711,213.87488,252.448681,-148.747711,155.199722,272.655932,-148.747711,73.928131,303.925633,243.449585,214.0504,243.499489,0.0,267.046959,230.819119,0.0,223.467865,247.851075,0.0,218.14138,249.719975,0.0,213.699379,253.120583,0.0,155.199722,273.38628,0.0,73.928131,304.655981,243.4496,263.890404,221.202217,-202.763107,265.410017,227.360855,-202.763107,223.467865,244.290619,-202.763107,218.357834,246.231602,81.220879,266.895884,230.868489,81.220879,223.467865,247.881504,81.220879,218.18148,249.76376,81.220879,213.754223,253.169281,81.220879,155.199722,273.416712,81.220879,73.928131,304.686412,-202.763107,213.995556,249.658757,-202.763107,155.199722,269.825831,-202.763107,73.928131,301.09553,243.4496,155.199722,263.648299,148.747711,266.38105,230.149353,148.747711,223.467865,247.120724,148.747711,218.269657,249.032303,148.747711,213.87488,252.448681,148.747711,155.199722,272.655932,148.747711,73.928131,303.925633,-243.4496,73.928131,294.917997,-243.4496,263.890404,221.202217,243.4496,73.928131,294.917997,-243.449585,214.0504,243.499489,202.763107,265.410017,227.360855,202.763107,223.467865,244.290619,202.763107,218.357834,246.231602,202.763107,213.995556,249.658757,202.763107,155.199722,269.825831,202.763107,73.928131,301.09553,-243.4496,223.467865,238.113087,-243.4496,218.397913,240.067421,-243.4496,155.199722,263.648299],
  "indices" : [5,4,19,9,8,2,1,2,8,10,9,3,2,3,9,11,10,4,3,4,10,12,11,5,16,15,26,25,26,15,17,16,27,26,27,16,18,17,28,27,28,17,19,18,29,28,29,18,20,19,30,29,30,19,4,5,11,13,12,6,5,6,12,23,22,9,8,9,22,24,23,10,9,10,23,31,24,11,26,25,36,35,36,25,27,26,37,36,37,26,28,27,38,37,38,27,29,28,39,38,39,28,30,29,40,39,40,29,10,11,24,32,31,12,11,12,31,33,32,13,12,13,32,51,42,23,22,23,42,52,51,24,36,35,46,45,46,35,37,36,47,46,47,36,38,37,48,47,48,37,39,38,49,48,49,38,40,39,50,49,50,39,23,24,51,44,52,31,24,31,52,53,44,32,31,32,44,41,53,33,32,33,53,18,19,4,46,45,7,21,7,45,47,46,0,7,0,46,48,47,14,0,14,47,49,48,34,14,34,48,50,49,43,34,43,49,6,5,20,19,20,5,15,16,1,2,1,16,16,17,2,3,2,17,17,18,3,4,3,18]
}