{
  "obj_name" : " SKYLINE_GTR_BOTTOM_bottom-pla_Entity134",
  "vertices" : [249.941605,68.326565,-311.109978,249.941605,67.677366,303.032234,-249.941605,67.677366,303.032234,-249.941605,68.326565,-311.109978],
  "indices" : [3,0,1,1,2,3]
}