{
  "obj_name" : " SKYLINE_GTR_BOTTOM_bottom-pla_Entity135",
  "vertices" : [227.309216,44.946512,-560.391376,188.340801,44.946512,-560.391376,71.419739,44.946512,-560.391376,-0.024017,44.946512,-560.391376,-227.357258,44.946512,-560.391376,227.309216,64.432218,-677.305611,188.340801,64.432218,-677.305611,71.419739,64.432218,-677.305611,-0.024017,64.432218,-677.305611,-227.357258,64.432218,-677.305611,227.309216,67.095546,-685.459854,188.340801,67.095546,-685.459854,71.419739,67.095546,-685.459854,-0.024017,67.095546,-685.459854,-227.357258,67.095546,-685.459854,227.309216,71.121162,-691.837585,188.340801,71.121153,-691.837585,71.419739,71.121162,-691.837585,-0.024017,71.121162,-691.837585,-227.357258,71.121162,-691.837585,227.309216,76.905774,-696.818909,188.340801,76.905774,-696.818909,71.419739,76.905774,-696.818909,-0.024017,76.905774,-696.818909,-227.357258,76.905774,-696.818909,227.309216,83.917925,-700.038933,188.340801,83.917925,-700.038933,71.419739,83.917925,-700.038933,-0.024017,83.917925,-700.038933,-227.357258,83.917925,-700.038933,131.179737,44.946512,-560.391376,131.179729,49.416764,-587.212924,94.982437,52.629515,-606.48947,165.836124,52.618156,-606.421282,71.419739,57.287459,-634.437057,188.340801,57.027604,-632.877949,78.954891,58.188344,-639.842407,181.09547,57.96616,-638.509266,109.936195,50.359209,-592.867552,151.724827,50.303798,-592.53518,227.309216,70.927453,-560.391376,227.309216,80.995068,-677.305611,-227.357258,70.927453,-560.391376,-227.357258,80.995068,-677.305611,-155.909672,44.946512,-560.391376,155.861637,44.946512,-560.391376,-155.909672,69.303645,-309.350533,155.861637,69.303645,-309.350533,-0.024017,69.303645,-309.350533,-155.909672,44.946512,-398.01049,-0.024017,44.946512,-398.01049,155.861637,44.946512,-398.01049,155.861637,70.927453,-398.01049,-155.909672,70.927453,-398.01049,-155.909672,70.927453,-560.391376,155.861637,70.927453,-560.391376,-0.024017,44.946512,-401.258125,-0.024017,45.838715,-394.762871,155.861637,44.946512,-401.258125,155.861637,45.838715,-394.762871,-155.909672,44.946512,-401.258125,-155.909672,45.838715,-394.762871,188.337811,70.927453,-560.391376,71.423574,70.927453,-560.391376,-0.024017,70.927453,-560.391376],
  "indices" : [11,10,6,5,6,10,13,12,8,7,8,12,14,13,9,8,9,13,16,15,11,10,11,15,18,17,13,12,13,17,19,18,14,13,14,18,21,20,16,15,16,20,23,22,18,17,18,22,24,23,19,18,19,23,26,25,21,20,21,25,28,27,23,22,23,27,29,28,24,23,24,28,34,7,36,34,36,2,32,2,36,1,33,35,37,35,33,35,37,6,1,35,0,5,0,6,35,6,0,2,3,34,7,34,8,3,8,34,31,39,30,31,30,38,32,38,2,30,2,38,5,41,0,40,0,41,10,15,5,41,5,15,25,41,20,15,20,41,4,42,9,43,9,42,9,43,14,19,14,43,24,19,29,43,29,19,44,54,4,42,4,54,4,9,44,3,44,8,9,8,44,30,39,45,1,45,33,39,33,45,3,2,56,50,56,51,58,51,56,51,59,50,57,50,59,48,57,47,59,47,57,51,58,52,55,52,45,58,45,52,51,52,59,47,59,52,50,57,49,61,49,57,46,61,48,57,48,61,3,56,44,60,44,56,49,60,50,56,50,60,49,53,60,44,60,54,53,54,60,49,61,53,46,53,61,45,58,30,2,30,56,58,56,30,0,40,1,45,1,55,40,55,1,26,62,25,40,25,62,28,64,27,63,27,64,29,42,28,64,28,42]
}