{
  "obj_name" : " SKYLINE_GTR_BOTTOM_bottom-pla_Entity136",
  "vertices" : [212.612653,38.463413,-560.402367,212.612653,38.463413,-605.846292,212.612653,64.431372,-706.472137,212.612653,75.792353,-712.964127,209.366658,38.463413,-560.402367,209.366658,38.463413,-605.846292,209.366658,64.431372,-706.472137,209.366658,75.792353,-712.964127,212.612653,47.876798,-560.402367,212.612653,56.965583,-605.846292,212.612653,75.792353,-693.812752,209.366658,75.792353,-693.812752,209.366658,56.965583,-605.846292,209.366658,47.876798,-560.402367],
  "indices" : [1,0,5,4,5,0,2,1,6,5,6,1,3,2,7,6,7,2,2,3,10,1,9,0,8,0,9,2,10,1,9,1,10,4,13,5,12,5,13,5,12,6,11,6,12,6,11,7,7,11,3,10,3,11]
}