{
  "obj_name" : " SKYLINE_GTR_BOTTOM_tire-house_Entity106",
  "vertices" : [270.066776,61.294067,-312.127487,275.989445,100.38805,-314.193726,281.840004,139.794434,-323.617325,283.213051,167.872171,-341.170425,283.513641,188.803051,-365.832375,283.237144,202.125534,-398.037148,283.213051,208.044033,-437.047176,283.345322,203.457439,-473.365944,282.918564,189.892849,-503.989555,282.56385,170.630236,-526.773331,280.430023,142.110237,-544.246231,275.473858,105.020309,-555.174835,268.119179,71.274635,-559.131371,157.106155,61.294067,-312.127487,157.106155,100.474052,-314.190628,157.106117,139.749797,-323.603859,157.106155,167.872171,-341.170425,157.106155,188.780464,-365.833885,157.106155,201.951946,-398.037865,157.106155,208.044033,-437.047176,157.106155,203.602043,-473.36713,157.106194,189.857445,-503.991936,157.106155,170.630236,-526.773331,157.106155,142.228673,-544.266754,157.106194,104.944386,-555.188782,157.106155,71.274635,-559.131371],
  "indices" : [1,0,14,13,14,0,2,1,15,14,15,1,3,2,16,15,16,2,4,3,17,16,17,3,5,4,18,17,18,4,6,5,19,18,19,5,7,6,20,19,20,6,8,7,21,20,21,7,9,8,22,21,22,8,10,9,23,22,23,9,11,10,24,23,24,10,12,11,25,24,25,11,25,24,13,14,13,24,24,23,14,15,14,23,23,22,15,16,15,22,22,21,16,17,16,21,19,18,20,21,20,17,18,17,20]
}