{
  "obj_name" : " SKYLINE_GTR_BOTTOM_tire-house_Entity108",
  "vertices" : [-270.066761,61.294067,-312.127472,-275.989429,100.38805,-314.19371,-281.839989,139.794434,-323.61731,-283.213036,167.872171,-341.17041,-283.513626,188.803051,-365.832359,-283.237129,202.125534,-398.037125,-283.213036,208.044033,-437.047153,-283.345306,203.457439,-473.365921,-282.918549,189.892849,-503.98954,-282.563835,170.630236,-526.773315,-280.430008,142.110237,-544.246216,-275.473843,105.020309,-555.17482,-268.119164,71.274635,-559.131355,-157.10614,61.294067,-312.127472,-157.10614,100.474052,-314.190613,-157.106102,139.749797,-323.603844,-157.10614,167.872171,-341.17041,-157.10614,188.780464,-365.83387,-157.10614,201.951946,-398.037842,-157.10614,208.044033,-437.047153,-157.10614,203.602043,-473.367107,-157.106178,189.857445,-503.99192,-157.10614,170.630236,-526.773315,-157.10614,142.228673,-544.266739,-157.106178,104.944386,-555.188766,-157.10614,71.274635,-559.131355],
  "indices" : [0,1,14,14,13,0,1,2,15,15,14,1,2,3,16,16,15,2,3,4,17,17,16,3,4,5,18,18,17,4,5,6,19,19,18,5,6,7,20,20,19,6,7,8,21,21,20,7,8,9,22,22,21,8,9,10,23,23,22,9,10,11,24,24,23,10,11,12,25,25,24,11,24,25,13,13,14,24,23,24,14,14,15,23,22,23,15,15,16,22,21,22,16,16,17,21,18,19,20,20,21,17,17,18,20]
}