{
  "obj_name" : " SKYLINE_GTR_INTERIOR_A-pillar_Entity167",
  "vertices" : [-237.945402,279.930302,235.757507,-228.387705,279.801582,230.604568,-241.073792,278.969299,202.035812,-247.929649,277.855526,208.844673,-225.810682,310.200331,190.768456,-216.38006,309.517488,186.61618,-229.223059,307.202579,161.861946,-235.94047,305.863844,170.86364,-216.553256,333.722023,122.12276,-223.592374,332.115984,132.907094,-202.836591,358.819006,81.44429,-210.672388,356.499063,93.68084,-183.412687,386.595798,64.538727,-174.073757,386.032822,60.452148,-187.845461,382.785202,38.45285,-196.967529,378.900192,51.890526,-169.13031,394.386185,50.775665,-183.379206,389.991493,20.241516,-191.871293,385.879078,33.226051,-189.546715,389.206264,19.849396,-189.696613,362.667603,101.807117,-199.207947,363.479221,105.403349,-203.632993,337.148782,143.783474,-213.168657,337.874455,147.621056,-179.370173,390.379608,56.59864,-167.493324,390.329247,53.739853,-159.053741,394.224442,49.844658,-239.554411,275.258732,244.279747,-249.616997,273.635735,213.280502,-228.19343,275.258732,238.923851,-241.01511,273.635735,205.165512,-232.250921,273.635735,205.165512,-231.601725,278.991627,202.08181,-219.753842,307.231781,161.831474,-207.256763,333.686639,122.06804,-192.812085,358.8431,81.493103,-175.932915,382.863461,38.483673,-169.603226,396.172035,20.630707],
  "indices" : [0,1,5,5,4,0,21,20,13,13,12,21,9,11,10,10,8,9,23,4,5,5,22,23,23,22,20,20,21,23,7,9,8,8,6,7,3,7,6,6,2,3,14,10,11,11,15,14,18,19,17,17,14,15,15,18,17,25,24,12,12,13,25,26,16,24,24,25,26,1,0,27,27,29,1,30,28,3,3,2,30,31,30,2,2,32,31,32,1,29,29,31,32,32,2,6,6,33,32,33,5,1,1,32,33,33,6,8,8,34,33,22,5,33,33,34,22,34,8,10,10,35,34,35,20,22,22,34,35,35,10,14,14,36,35,13,20,35,35,36,13,25,13,36,36,14,17,17,37,36,37,26,25,25,36,37]
}