{
  "obj_name" : " SKYLINE_GTR_BLK-PARTS_door-glass_Group12_Entity79",
  "vertices" : [183.994095,393.026447,-135.792891,187.077787,393.026447,-135.792891,187.006128,393.088303,-152.218528,183.922436,393.088303,-152.218528,200.882975,367.885246,-142.243591,203.966669,367.885246,-142.243591,203.724726,368.379198,-160.298884,200.641029,368.379198,-160.298884,216.532853,341.946174,-148.694294,219.616548,341.946174,-148.694294,219.252781,342.823884,-168.379319,216.169086,342.823884,-168.379319,231.124714,315.444956,-155.144916,234.208408,315.444956,-155.144916,233.785799,316.610893,-176.459675,230.702104,316.610893,-176.459675,244.839575,288.617237,-161.595618,247.923271,288.617237,-161.595618,247.519264,289.928711,-184.54011,244.43557,289.928711,-184.54011],
  "indices" : [0,1,5,5,4,0,1,2,6,6,5,1,2,3,7,7,6,2,3,0,4,4,7,3,4,5,9,9,8,4,5,6,10,10,9,5,6,7,11,11,10,6,7,4,8,8,11,7,8,9,13,13,12,8,9,10,14,14,13,9,10,11,15,15,14,10,11,8,12,12,15,11,12,13,17,17,16,12,13,14,18,18,17,13,14,15,19,19,18,14,15,12,16,16,19,15]
}