{
  "obj_name" : " SKYLINE_GTR_INTERIOR_B-pillar_Entity169",
  "vertices" : [183.994093,393.026489,-135.792891,200.882975,367.885284,-142.243591,216.532853,341.946213,-148.694295,231.124714,315.444996,-155.144917,244.839577,288.617279,-161.595618,169.586288,400.816879,-133.520695,189.783133,367.885284,-142.243591,204.1573,341.946213,-148.694295,217.445829,315.444996,-155.144917,233.087269,276.282501,-164.192415,169.517662,400.878731,-149.946333,189.565439,368.379236,-160.298885,203.836683,342.823924,-168.37932,217.080536,316.610931,-176.459675,232.74777,277.593971,-187.136906,183.922434,393.088341,-152.218529,200.641031,368.379236,-160.298885,216.169086,342.823924,-168.37932,230.702103,316.610931,-176.459675,244.43557,289.928749,-184.54011],
  "indices" : [5,6,1,1,0,5,6,7,2,2,1,6,7,8,3,3,2,7,8,9,4,4,3,8,10,11,6,6,5,10,11,12,7,7,6,11,12,13,8,8,7,12,13,14,9,9,8,13,15,16,11,11,10,15,16,17,12,12,11,16,17,18,13,13,12,17,18,19,14,14,13,18]
}