{
  "obj_name" : " SKYLINE_GTR_INTERIOR_back-mirro_Entity164",
  "vertices" : [-4.057494,397.145856,60.394126,4.057494,397.145856,60.394126,4.057494,394.71136,53.902137,-4.057494,394.71136,53.902137,-4.057494,392.276864,69.320612,4.057494,392.276864,69.320612,4.057494,389.842368,66.074617,-4.057494,389.842368,66.074617,-4.057494,380.915882,69.320612,4.057494,380.915882,69.320612,4.057494,380.915882,66.074617,-4.057494,380.915882,66.074617],
  "indices" : [4,5,1,1,0,4,5,6,2,2,1,5,6,7,3,3,2,6,7,4,0,0,3,7,8,9,5,5,4,8,9,10,6,6,5,9,10,11,7,7,6,10,11,8,4,4,7,11]
}