{
  "obj_name" : " SKYLINE_GTR_INTERIOR_back-mirro_Entity166",
  "vertices" : [-33.423703,362.593763,64.632793,-37.251416,366.283705,64.632793,-34.005421,381.150853,64.632793,-30.177706,384.029295,64.632793,29.948838,384.029295,64.632793,33.776553,381.150853,64.632793,37.022548,366.283705,64.632793,33.194835,362.593763,64.632793],
  "indices" : [2,3,1,0,1,3,3,4,0,7,0,4,6,7,5,4,5,7]
}