{
  "obj_name" : " SKYLINE_GTR_INTERIOR_door0_Entity174",
  "vertices" : [239.295677,296.227066,-368.105804,232.943243,296.227226,-368.110535,227.875656,291.798019,-366.148682,225.518981,279.620583,-360.362091,229.86985,248.868427,-348.42749,237.979766,182.564903,-312.827286,236.684775,106.466042,-273.515793,232.881034,69.9543,-264.698273,247.449971,279.982391,-76.500713,237.572748,279.982628,-76.502457,232.06169,275.582306,-76.401416,229.648194,263.86348,-76.282385,234.503001,227.481989,-76.341821,242.422008,178.2831,-76.478286,239.672977,105.779266,-78.71173,235.421484,69.466064,-79.236986,246.855533,274.149387,75.133057,237.827134,273.987282,75.133926,231.975388,269.786392,74.270599,229.459505,258.323692,73.654999,234.984432,223.547885,72.118149,242.67679,172.537941,69.10791,238.704567,103.850685,65.695251,234.187911,69.86441,64.119263,244.682554,272.748325,210.977295,238.311814,272.748402,210.977325,232.140065,268.371937,216.510986,230.071695,256.938755,223.05719,235.656692,218.977776,236.377411,242.550786,168.187187,236.675323,237.84124,99.985588,227.400085,233.000698,69.742889,218.921967,245.749549,288.510735,-227.363235,239.956129,180.577206,-227.363312,231.21651,284.246521,-227.363235,228.737477,271.989166,-227.363235,232.787601,231.434202,-227.363235,236.799447,106.264854,-227.363312,232.084275,70.473907,-227.363312,236.488082,288.270416,-226.926422,234.711185,211.578596,-328.352432],
  "indices" : [25,24,16,16,17,25,17,16,8,8,9,17,27,26,18,18,19,27,19,18,10,10,11,19,28,27,19,19,20,28,20,19,11,11,12,20,29,28,20,20,21,29,21,20,12,12,13,21,30,29,21,21,22,30,22,21,13,13,14,22,31,30,22,22,23,31,23,22,14,14,15,23,17,9,10,10,18,17,25,17,18,18,26,25,32,0,1,1,39,32,39,9,8,8,32,39,39,1,2,2,34,39,34,10,9,9,39,34,34,2,3,3,35,34,35,11,10,10,34,35,35,3,4,4,36,35,36,12,11,11,35,36,33,13,12,12,36,33,33,5,6,6,37,33,37,14,13,13,33,37,37,6,7,7,38,37,38,15,14,14,37,38,36,4,40,40,5,33,33,36,40]
}