{
  "obj_name" : " SKYLINE_GTR_INTERIOR_door0_Entity175",
  "vertices" : [-239.295664,296.227066,-368.105804,-232.94323,296.227226,-368.110535,-227.875643,291.798019,-366.148682,-225.518968,279.620583,-360.362091,-229.869837,248.868427,-348.42749,-237.979752,182.564903,-312.827286,-236.684762,106.466042,-273.515793,-232.88102,69.9543,-264.698273,-247.449958,279.982391,-76.500709,-237.572735,279.982628,-76.502452,-232.061676,275.582306,-76.401411,-229.64818,263.86348,-76.282381,-234.502988,227.481989,-76.341817,-242.421995,178.2831,-76.478282,-239.672963,105.779266,-78.711726,-235.421471,69.466064,-79.236981,-246.855519,274.149387,75.133057,-237.827121,273.987282,75.133926,-231.975375,269.786392,74.270599,-229.459492,258.323692,73.654999,-234.984419,223.547885,72.118149,-242.676777,172.537941,69.10791,-238.704554,103.850685,65.695251,-234.187898,69.86441,64.119263,-244.682541,272.748325,210.977295,-238.311801,272.748402,210.977325,-232.140052,268.371937,216.510986,-230.071681,256.938755,223.05719,-235.656679,218.977776,236.377411,-242.550773,168.187187,236.675323,-237.841227,99.985588,227.400085,-233.000685,69.742889,218.921967,-245.749536,288.510735,-227.363235,-239.956116,180.577206,-227.363312,-231.216497,284.246521,-227.363235,-228.737463,271.989166,-227.363235,-232.787587,231.434202,-227.363235,-236.799434,106.264854,-227.363312,-232.084262,70.473907,-227.363312,-236.488069,288.270416,-226.926422,-234.711172,211.578596,-328.352432],
  "indices" : [24,25,16,17,16,25,16,17,8,9,8,17,26,27,18,19,18,27,18,19,10,11,10,19,27,28,19,20,19,28,19,20,11,12,11,20,28,29,20,21,20,29,20,21,12,13,12,21,29,30,21,22,21,30,21,22,13,14,13,22,30,31,22,23,22,31,22,23,14,15,14,23,9,17,10,18,10,17,17,25,18,26,18,25,0,32,1,39,1,32,9,39,8,32,8,39,1,39,2,34,2,39,10,34,9,39,9,34,2,34,3,35,3,34,11,35,10,34,10,35,3,35,4,36,4,35,12,36,11,35,11,36,13,33,12,36,12,33,5,33,6,37,6,33,14,37,13,33,13,37,6,37,7,38,7,37,15,38,14,37,14,38,4,36,40,5,40,33,36,33,40]
}