{
  "obj_name" : " SKYLINE_GTR_INTERIOR_handle_Entity1600",
  "vertices" : [-119.109112,235.362779,113.022131,-101.174673,245.7377,116.898582,-101.174673,223.896358,108.737988,-106.911589,217.344259,106.28994,-131.30602,217.344259,106.28994,-137.04355,223.896358,108.737988,-137.04355,245.7377,116.898582,-131.306634,254.472403,120.162129,-106.912183,254.472403,120.162129,-97.552053,246.649307,120.792705,-97.552053,219.58539,110.680752,-104.447771,211.709751,107.738077,-133.769719,211.709751,107.738077,-140.666172,219.58539,110.680752,-140.666172,246.649307,120.792705,-133.770452,257.148388,124.715398,-104.448504,257.148388,124.715398,-95.091583,233.656294,165.890514,-95.091604,202.440083,154.978476,-102.774412,193.665615,151.699989,-135.443178,193.665615,151.699989,-143.126797,202.440083,154.978476,-143.126797,233.656294,165.890514,-135.44401,245.353643,170.261116,-102.775225,245.353643,170.261036],
  "indices" : [2,0,1,3,0,2,4,0,3,5,0,4,6,0,5,7,0,6,8,0,7,1,0,8,2,1,10,9,10,1,3,2,11,10,11,2,4,3,12,11,12,3,5,4,13,12,13,4,6,5,14,13,14,5,7,6,15,14,15,6,8,7,16,15,16,7,1,8,9,16,9,8,10,9,18,17,18,9,11,10,19,18,19,10,12,11,20,19,20,11,13,12,21,20,21,12,14,13,22,21,22,13,15,14,23,22,23,14,16,15,24,23,24,15,9,16,17,24,17,16]
}