{
  "obj_name" : " SKYLINE_GTR_INTERIOR_handle_Entity162",
  "vertices" : [-100.398237,248.747871,85.848152,-87.271276,250.770813,86.743892,-74.616141,250.523342,86.634331,-63.949421,248.092967,85.558184,-99.928179,248.656935,91.070709,-86.307959,250.300932,91.263282,-73.012129,250.384143,90.764693,-63.589928,248.828308,89.83254,-101.145309,253.007764,95.034412,-85.698513,253.9945,94.400627,-70.251711,254.981335,93.766882,-63.230434,255.429917,93.478816,-98.058405,258.988664,95.645057,-84.291436,258.88166,95.062387,-71.497636,259.97544,95.011272,-63.230434,262.000699,95.664711,-97.151609,264.101879,92.646277,-83.946014,263.228685,92.259666,-72.155885,264.101879,92.646277,-63.230434,266.721518,93.806149,-97.859352,265.735753,89.098585,-85.114336,264.665609,89.385146,-72.841166,264.786838,89.688269,-63.230434,266.209517,90.02004,-98.567097,261.503518,86.178894,-86.282679,260.236343,87.138745,-73.526443,259.605589,87.35838,-63.230434,259.831188,86.86205,-99.482668,254.200683,83.991333,-86.776988,254.578577,84.919129,-74.071292,254.139484,84.974087,-63.589928,253.037086,84.187948],
  "indices" : [5,4,1,0,1,4,6,5,2,1,2,5,7,6,3,2,3,6,9,8,5,4,5,8,10,9,6,5,6,9,11,10,7,6,7,10,13,12,9,8,9,12,14,13,10,9,10,13,15,14,11,10,11,14,17,16,13,12,13,16,18,17,14,13,14,17,19,18,15,14,15,18,21,20,17,16,17,20,22,21,18,17,18,21,23,22,19,18,19,22,25,24,21,20,21,24,26,25,22,21,22,25,27,26,23,22,23,26,29,28,25,24,25,28,30,29,26,25,26,29,31,30,27,26,27,30,1,0,29,28,29,0,2,1,30,29,30,1,3,2,31,30,31,2]
}