{
  "obj_name" : " SKYLINE_GTR_INTERIOR_rear_Entity178",
  "vertices" : [0.002149,309.458806,-550.019958,74.285917,308.84091,-546.938004,110.77242,308.019466,-541.944275,146.311826,306.812876,-533.634178,177.036771,305.371872,-518.206512,201.900892,303.661187,-490.613497,221.376859,297.169197,-387.390869,0.0,300.415192,-387.390869,74.33328,299.765993,-387.390869,146.394376,298.305295,-387.390869,-74.285914,308.84091,-546.938004,-110.772418,308.019466,-541.944275,-146.311831,306.812876,-533.634178,-177.036776,305.371872,-518.206512,-201.900882,303.661187,-490.613497,-221.376834,297.169197,-387.390869,-74.333277,299.765993,-387.390869,-146.394366,298.305295,-387.390869],
  "indices" : [8,1,0,0,7,8,4,3,9,9,6,5,5,4,9,2,1,8,8,9,3,3,2,8,17,12,13,13,14,15,15,17,13,16,10,11,11,12,17,17,16,11,7,0,10,10,16,7]
}