{
  "obj_name" : " SKYLINE_GTR_BLK-PARTS_door-glass_Group13_Entity81",
  "vertices" : [-183.788216,399.742615,-150.108635,-183.936707,399.567554,-119.54644,-184.180592,399.097218,-88.379433,-184.760824,398.055622,-57.60144,-185.935893,396.136555,-27.695011,-188.499881,392.245758,5.432598,-192.664716,386.248356,33.309638,-197.44707,379.122344,51.98679,-211.219347,356.622512,93.982475,-224.16921,332.205158,133.301567,-236.543453,305.913197,171.346443,-248.428108,278.154633,209.003349,-186.658674,396.731667,-151.063332,-186.810256,396.552094,-120.45121,-187.059669,396.073593,-89.168419,-187.64226,395.028233,-58.260941,-188.810928,393.117804,-28.261322,-191.347259,389.265642,4.853692,-195.454103,383.350023,32.497903,-200.119646,376.395383,50.725716,-213.600114,354.401828,91.825073,-226.322773,330.500416,130.435219,-238.498898,304.751221,167.834251,-250.18206,277.57135,204.794701,-187.979916,393.088284,-152.218529,-188.135262,392.9032,-121.546104,-188.391351,392.414955,-90.123123,-188.976795,391.365,-59.059128,-190.137678,389.465029,-28.946575,-192.640505,385.659624,4.152982,-196.677236,379.842905,31.515783,-201.20146,373.095658,49.199718,-214.325332,351.71132,89.212898,-226.767275,328.428677,126.962929,-238.702522,303.335182,163.58007,-250.152225,276.865562,199.702141,-182.092924,393.055355,-152.218529,-182.242168,392.878712,-121.611,-182.487381,392.406118,-90.168457,-183.066069,391.366425,-58.99929,-184.233252,389.458332,-28.691635,-186.774337,385.599712,4.765965,-190.896496,379.662616,32.617012,-195.553342,372.721212,50.820339,-208.613081,351.416162,90.522079,-220.994558,328.201988,127.827278,-232.866987,303.219795,163.972435,-244.246353,276.95462,199.705284,-177.880501,399.742615,-150.108635,-178.022869,399.576031,-119.611183,-178.255779,399.121506,-88.42421,-178.829237,398.090134,-57.540176,-180.010685,396.162865,-27.437138,-182.613226,392.218378,6.050891,-186.864124,386.099726,34.419744,-191.780388,378.777773,53.621117,-205.428048,356.37189,95.239349,-218.265121,331.940231,134.214348,-230.522615,305.694706,171.879738,-242.272682,278.206673,209.060051],
  "indices" : [12,13,1,1,0,12,13,14,2,2,1,13,14,15,3,3,2,14,15,16,4,4,3,15,16,17,5,5,4,16,17,18,6,6,5,17,18,19,7,7,6,18,19,20,8,8,7,19,20,21,9,9,8,20,21,22,10,10,9,21,22,23,11,11,10,22,24,25,13,13,12,24,25,26,14,14,13,25,26,27,15,15,14,26,27,28,16,16,15,27,28,29,17,17,16,28,29,30,18,18,17,29,30,31,19,19,18,30,31,32,20,20,19,31,32,33,21,21,20,32,33,34,22,22,21,33,34,35,23,23,22,34,36,37,25,25,24,36,37,38,26,26,25,37,38,39,27,27,26,38,39,40,28,28,27,39,40,41,29,29,28,40,41,42,30,30,29,41,42,43,31,31,30,42,43,44,32,32,31,43,44,45,33,33,32,44,45,46,34,34,33,45,46,47,35,35,34,46,48,49,37,37,36,48,49,50,38,38,37,49,50,51,39,39,38,50,51,52,40,40,39,51,52,53,41,41,40,52,53,54,42,42,41,53,54,55,43,43,42,54,55,56,44,44,43,55,56,57,45,45,44,56,57,58,46,46,45,57,58,59,47,47,46,58,0,1,49,49,48,0,1,2,50,50,49,1,2,3,51,51,50,2,3,4,52,52,51,3,4,5,53,53,52,4,5,6,54,54,53,5,6,7,55,55,54,6,7,8,56,56,55,7,8,9,57,57,56,8,9,10,58,58,57,9,10,11,59,59,58,10]
}