{
  "obj_name" : " SKYLINE_GTR_INTERIOR_seat_Group20_Entity185",
  "vertices" : [77.417956,106.984146,-56.115129,105.767912,105.826096,-58.720644,134.435688,105.826111,-58.720644,162.785624,106.984146,-56.115129,77.664065,128.23275,-62.485079,105.809259,127.089043,-67.151356,134.39434,127.089066,-67.151434,162.539527,128.23275,-62.485079,78.480288,148.210953,-68.856453,105.979186,146.855827,-75.046588,134.224414,146.85585,-75.046667,161.723304,148.210953,-68.856453,79.983561,167.395065,-75.176158,106.346461,165.942455,-81.858105,133.857118,165.942474,-81.858185,160.220008,167.395065,-75.176158,81.50748,182.029264,-79.7807,106.847248,181.319384,-86.298208,133.356361,181.319384,-86.298208,158.696101,182.029264,-79.7807,82.770076,199.545632,-84.824672,107.37084,199.387354,-90.595109,132.83276,199.387373,-90.595268,157.433535,199.545632,-84.824672,82.858806,221.067445,-90.63719,107.499499,220.197343,-94.697457,132.704071,220.197382,-94.697536,157.344787,221.067445,-90.63719,82.547828,239.422354,-94.872199,107.483907,238.742029,-97.616238,132.719713,238.742048,-97.616317,157.655753,239.422354,-94.872199,83.063365,255.229774,-97.446409,107.738273,254.058117,-99.298592,132.465318,254.058136,-99.29867,157.140204,255.229774,-97.446409,84.569144,269.441704,-98.953387,108.193662,267.99511,-100.110644,132.009938,267.995152,-100.110644,155.634456,269.441704,-98.953387,87.960509,279.415253,-99.072655,109.292027,278.450523,-99.716148,130.911562,278.450569,-99.716148,152.24309,279.415253,-99.072655,92.710261,287.568085,-99.43886,110.930389,287.246452,-99.632067,129.273191,287.246452,-99.632067,147.493317,287.568085,-99.43886,95.116229,290.87204,-102.591817,111.773279,290.87204,-102.591739,128.43031,290.87204,-102.591817,145.087352,290.87204,-102.591817],
  "indices" : [0,1,5,5,4,0,1,2,6,6,5,1,2,3,7,7,6,2,4,5,9,9,8,4,5,6,10,10,9,5,6,7,11,11,10,6,8,9,13,13,12,8,9,10,14,14,13,9,10,11,15,15,14,10,12,13,17,17,16,12,13,14,18,18,17,13,14,15,19,19,18,14,16,17,21,21,20,16,17,18,22,22,21,17,18,19,23,23,22,18,20,21,25,25,24,20,21,22,26,26,25,21,22,23,27,27,26,22,24,25,29,29,28,24,25,26,30,30,29,25,26,27,31,31,30,26,28,29,33,33,32,28,29,30,34,34,33,29,30,31,35,35,34,30,32,33,37,37,36,32,33,34,38,38,37,33,34,35,39,39,38,34,36,37,41,41,40,36,37,38,42,42,41,37,38,39,43,43,42,38,40,41,45,45,44,40,41,42,46,46,45,41,42,43,47,47,46,42,44,45,49,49,48,44,45,46,50,50,49,45,46,47,51,51,50,46]
}