{
  "obj_name" : " SKYLINE_GTR_INTERIOR_seat_Entity186",
  "vertices" : [-227.218053,94.943756,-180.296387,-227.218053,149.476433,-165.040207,-227.218053,154.590439,-166.800949,-227.218053,158.551567,-170.52948,-227.218053,161.158821,-176.254105,-227.218053,161.162033,-181.91938,-227.218053,151.424034,-278.974548,-227.218053,299.766052,-364.344292,-227.218053,302.900146,-368.264847,-227.218053,305.692642,-373.476265,-227.218053,310.404251,-390.900429,-227.218053,310.802429,-395.830444,-227.218053,308.594032,-401.15313,-227.218053,303.314911,-405.787941,-227.218053,292.949421,-406.217628,227.221064,94.943756,-180.296387,227.221064,149.476433,-165.040207,227.221064,154.590439,-166.800949,227.221064,158.551567,-170.52948,227.221064,161.158821,-176.254105,227.221064,161.162033,-181.91938,227.221064,151.424034,-278.974548,227.221064,299.766052,-364.344292,227.221064,302.900146,-368.264847,227.221064,305.692642,-373.476265,227.221064,310.404251,-390.900429,227.221064,310.802429,-395.830444,227.221064,308.594032,-401.15313,227.221064,303.314911,-405.787941,227.221064,292.949421,-406.217628],
  "indices" : [1,0,16,15,16,0,2,1,17,16,17,1,3,2,18,17,18,2,4,3,19,18,19,3,5,4,20,19,20,4,6,5,21,20,21,5,7,6,22,21,22,6,8,7,23,22,23,7,9,8,24,23,24,8,10,9,25,24,25,9,11,10,26,25,26,10,12,11,27,26,27,11,13,12,28,27,28,12,14,13,29,28,29,13]
}