{
  "obj_name" : " SKYLINE_GTR_INTERIOR_control",
  "vertices" : [41.30572,71.16095,-200.398415,32.32396,120.002573,-199.594429,24.082413,124.565331,-201.700386,-22.685903,124.565331,-201.700386,-30.927412,120.002573,-199.594429,-39.909174,71.16095,-200.398415,41.3058,71.16095,-47.528542,32.29856,149.264946,-48.521126,24.082451,153.779325,-50.871613,-22.685865,153.779325,-50.871613,-30.901971,149.264946,-48.521202,-39.909132,71.16095,-47.528542,41.305758,71.138306,107.188995,32.304543,149.172385,99.762432,24.082451,153.686247,97.416695,-22.685865,153.686247,97.416695,-30.907995,149.172385,99.762352,-39.909132,71.138306,107.188995,47.797747,70.006607,142.23912,32.318928,198.276836,146.043884,24.082451,203.264442,145.07457,-22.685865,203.264343,145.07457,-30.9223,198.276794,146.04377,-46.401125,70.006607,142.239044,51.043703,70.714409,212.16317,32.335965,221.869019,212.421608,24.082451,226.920578,212.893074,-22.685943,226.920616,212.892952,-30.939497,221.869019,212.421608,-49.647119,70.714409,212.16317],
  "indices" : [0,1,7,7,6,0,1,2,8,8,7,1,2,3,9,9,8,2,3,4,10,10,9,3,4,5,11,11,10,4,6,7,13,13,12,6,7,8,14,14,13,7,8,9,15,15,14,8,9,10,16,16,15,9,10,11,17,17,16,10,12,13,19,19,18,12,13,14,20,20,19,13,14,15,21,21,20,14,15,16,22,22,21,15,16,17,23,23,22,16,18,19,25,25,24,18,19,20,26,26,25,19,20,21,27,27,26,20,21,22,28,28,27,21,22,23,29,29,28,22]
}