{
  "obj_name" : " SKYLINE_GTR_BLK-PARTS_door-glass_Group13_Entity82",
  "vertices" : [-251.705855,272.924119,144.68911,-252.49033,271.960701,111.858284,-252.994941,271.980019,75.817352,-253.424544,273.706295,15.519035,-253.543614,276.525342,-46.399109,-253.277341,279.959115,-109.419502,-252.149446,284.185208,-186.192909,-250.265663,276.974638,144.464088,-251.050118,276.011261,111.633217,-251.554749,276.030558,75.592293,-251.982787,277.741877,15.687279,-252.104749,280.536159,-45.836605,-251.846976,283.946197,-108.510773,-250.74117,288.166902,-185.047142,-248.003393,278.766909,144.36451,-248.787828,277.803512,111.533676,-249.292479,277.822809,75.492752,-249.719467,279.527233,15.761693,-249.842142,282.310084,-45.587765,-249.587796,285.709343,-108.108665,-248.493065,289.9287,-184.540123,-243.720696,278.766909,144.36451,-244.505171,277.803512,111.533676,-245.009783,277.822809,75.492752,-245.43677,279.527233,15.761693,-245.559387,282.310084,-45.587765,-245.30506,285.709343,-108.108665,-244.210349,289.9287,-184.540123,-243.720696,272.924119,144.68911,-244.505171,271.960701,111.858284,-245.009783,271.980019,75.817352,-245.43677,273.701105,15.828578,-245.559387,276.522014,-46.111042,-245.30506,279.965118,-109.311806,-244.210349,284.215758,-186.22802],
  "indices" : [1,0,8,7,8,0,2,1,9,8,9,1,3,2,10,9,10,2,4,3,11,10,11,3,5,4,12,11,12,4,6,5,13,12,13,5,8,7,15,14,15,7,9,8,16,15,16,8,10,9,17,16,17,9,11,10,18,17,18,10,12,11,19,18,19,11,13,12,20,19,20,12,15,14,22,21,22,14,16,15,23,22,23,15,17,16,24,23,24,16,18,17,25,24,25,17,19,18,26,25,26,18,20,19,27,26,27,19,22,21,29,28,29,21,23,22,30,29,30,22,24,23,31,30,31,23,25,24,32,31,32,24,26,25,33,32,33,25,27,26,34,33,34,26]
}