{
  "obj_name" : " SKYLINE_GTR_LIGHT-etc_rear-lamp_Entity95",
  "vertices" : [-62.420477,169.796379,-744.450297,-91.959024,169.828831,-742.989599,-108.773294,169.893735,-741.691201,-108.773294,149.216763,-740.717403,-91.959024,149.216763,-741.691201,-62.128334,149.249216,-743.151899,-58.426029,149.281668,-725.475967,-58.427753,169.796379,-723.668005],
  "indices" : [5,4,1,1,0,5,0,7,6,6,5,0,2,1,4,4,3,2]
}