{
  "obj_name" : " SKYLINE_GTR_LIGHT-etc_rear-lamp_Entity96",
  "vertices" : [0.0,300.090583,-708.943894,0.0,291.456224,-713.791964,29.506092,300.090543,-708.511517,29.506098,291.456224,-713.327413,-29.506092,300.090543,-708.511517,-29.506098,291.456224,-713.327413],
  "indices" : [0,1,4,5,4,1,1,0,3,2,3,0]
}