{
  "obj_name" : " SKYLINE_GTR_LIGHT-etc_tail-lamp_Group14_Entity97",
  "vertices" : [243.004274,255.945064,-690.536011,240.540081,255.945064,-692.858925,228.21917,255.945064,-692.301336,241.454878,246.454689,-692.811059,239.116312,247.224187,-694.949485,227.42352,251.071633,-693.469451,237.140446,238.212429,-695.630383,235.151699,239.650206,-697.540258,225.208005,246.839121,-694.917469,230.561539,231.712753,-698.755763,229.10623,233.677526,-700.412202,221.829667,243.501456,-696.522239,222.218735,227.450306,-701.949612,221.439866,229.760679,-703.34707,217.545505,241.312589,-698.162196,212.612658,225.919611,-704.974347,212.612658,228.354107,-706.126611,212.612658,240.526588,-699.715455,203.006542,227.450325,-707.4071,203.785411,229.760719,-708.361878,207.679772,241.312629,-700.964719,194.663776,231.712793,-708.952593,196.119087,233.677567,-709.782318,203.39565,243.501476,-701.758466,188.084852,238.212412,-709.564545,190.07358,239.650185,-710.344662,200.017291,246.839101,-702.072605,183.770456,246.454729,-709.196518,186.109024,247.224226,-710.006431,197.801817,251.071673,-701.883678,182.221043,255.945064,-707.801437,184.685236,255.945064,-708.724517,197.006147,255.945064,-701.167277,183.770416,265.435438,-705.526388,186.108984,264.66596,-706.633956,197.801777,260.818494,-699.999004,188.084873,273.677717,-702.707064,190.073599,272.239943,-704.043183,200.01731,265.051006,-698.551303,194.663776,280.177355,-699.581684,196.119087,278.21258,-701.171239,203.395669,268.388691,-696.946374,203.006582,284.43984,-696.387993,203.78545,282.129448,-698.236372,207.679812,270.577518,-695.306259,212.612658,285.970514,-693.363259,212.612658,283.536018,-695.456989,212.612658,271.363539,-693.753,222.218755,284.4398,-690.930506,221.439886,282.129408,-693.221563,217.545505,270.577499,-692.503894,230.56156,280.177355,-689.384854,229.106251,278.21258,-691.801282,221.829667,268.388671,-691.710147,237.140484,273.677736,-688.773061,235.151737,272.239943,-691.238939,225.208025,265.051045,-691.39585,241.454918,265.435477,-689.141247,239.116352,264.66598,-691.577327,227.42356,260.818533,-691.585094],
  "indices" : [1,0,4,3,4,0,2,1,5,4,5,1,4,3,7,6,7,3,5,4,8,7,8,4,7,6,10,9,10,6,8,7,11,10,11,7,10,9,13,12,13,9,11,10,14,13,14,10,13,12,16,15,16,12,14,13,17,16,17,13,16,15,19,18,19,15,17,16,20,19,20,16,19,18,22,21,22,18,20,19,23,22,23,19,22,21,25,24,25,21,23,22,26,25,26,22,25,24,28,27,28,24,26,25,29,28,29,25,28,27,31,30,31,27,29,28,32,31,32,28,31,30,34,33,34,30,32,31,35,34,35,31,34,33,37,36,37,33,35,34,38,37,38,34,37,36,40,39,40,36,38,37,41,40,41,37,40,39,43,42,43,39,41,40,44,43,44,40,43,42,46,45,46,42,44,43,47,46,47,43,46,45,49,48,49,45,47,46,50,49,50,46,49,48,52,51,52,48,50,49,53,52,53,49,52,51,55,54,55,51,53,52,56,55,56,52,55,54,58,57,58,54,56,55,59,58,59,55,58,57,1,0,1,57,59,58,2,1,2,58]
}