{
  "obj_name" : " SKYLINE_GTR_LIGHT-etc_tail-lamp_Group14_Entity99",
  "vertices" : [174.472221,249.453089,-709.637458,172.849224,249.453089,-710.670851,163.111239,249.453089,-708.755587,173.2311,242.051293,-711.0682,171.690838,242.54477,-712.00602,162.449301,245.505473,-709.518586,169.775059,235.62296,-712.635407,168.46521,236.54495,-713.468937,160.606084,242.077029,-710.354652,164.505071,230.553709,-714.219256,163.546558,231.813671,-714.947069,157.795427,239.373407,-711.199118,157.822134,227.2293,-715.698815,157.309143,228.710876,-716.328043,154.231183,237.600373,-711.98811,150.12726,226.035488,-716.953943,150.12726,227.596651,-717.499485,150.12726,236.963696,-712.657596,142.432366,227.229319,-717.802054,142.945368,228.710897,-718.291173,146.023327,237.600413,-713.109944,135.749448,230.553728,-718.14916,136.707972,231.813671,-718.61498,142.459103,239.373427,-713.295067,130.479452,235.62294,-718.005404,131.789303,236.54495,-718.480892,139.648426,242.077009,-713.218513,127.023441,242.051333,-717.382833,128.563692,242.54479,-717.899847,137.805228,245.505512,-712.886465,125.782301,249.453089,-716.291272,127.405298,249.453089,-716.881035,137.14328,249.453089,-712.304309,127.02342,256.854865,-714.860689,128.563683,256.361427,-715.545708,137.805219,253.400705,-711.54131,130.479462,263.283257,-713.293323,131.789312,262.361247,-714.082791,139.648426,256.829188,-710.705403,135.749448,268.352489,-711.709633,136.707972,267.092525,-712.604659,142.459103,259.53277,-709.860779,142.432376,271.676899,-710.230074,142.945378,270.19532,-711.223843,146.023327,261.305824,-709.071628,150.12726,272.87071,-708.974946,150.12726,271.309546,-710.0524,150.12726,261.942502,-708.402142,157.822144,271.676859,-708.126676,157.309162,270.19528,-709.260714,154.231203,261.305764,-707.949794,164.50508,268.352468,-707.779728,163.546558,267.092506,-708.937065,157.795437,259.53275,-707.76483,169.775059,263.283257,-707.923326,168.46521,262.361247,-709.070994,160.606093,256.829188,-707.841383,173.231121,256.854904,-708.546373,171.690859,256.361447,-709.652357,162.449321,253.400745,-708.173749],
  "indices" : [1,0,4,3,4,0,2,1,5,4,5,1,4,3,7,6,7,3,5,4,8,7,8,4,7,6,10,9,10,6,8,7,11,10,11,7,10,9,13,12,13,9,11,10,14,13,14,10,13,12,16,15,16,12,14,13,17,16,17,13,16,15,19,18,19,15,17,16,20,19,20,16,19,18,22,21,22,18,20,19,23,22,23,19,22,21,25,24,25,21,23,22,26,25,26,22,25,24,28,27,28,24,26,25,29,28,29,25,28,27,31,30,31,27,29,28,32,31,32,28,31,30,34,33,34,30,32,31,35,34,35,31,34,33,37,36,37,33,35,34,38,37,38,34,37,36,40,39,40,36,38,37,41,40,41,37,40,39,43,42,43,39,41,40,44,43,44,40,43,42,46,45,46,42,44,43,47,46,47,43,46,45,49,48,49,45,47,46,50,49,50,46,49,48,52,51,52,48,50,49,53,52,53,49,52,51,55,54,55,51,53,52,56,55,56,52,55,54,58,57,58,54,56,55,59,58,59,55,58,57,1,0,1,57,59,58,2,1,2,58]
}