{
  "obj_name" : " SKYLINE_GTR_LIGHT-etc_tail-lamp_Group14_Entity1000",
  "vertices" : [-243.004274,255.945064,-690.536047,-240.540081,255.945064,-692.858962,-228.21917,255.945064,-692.301373,-241.454878,246.454689,-692.811097,-239.116312,247.224187,-694.949522,-227.42352,251.071633,-693.469488,-237.140446,238.212429,-695.63042,-235.151699,239.650206,-697.540295,-225.208005,246.839121,-694.917506,-230.561539,231.712753,-698.7558,-229.10623,233.677526,-700.41224,-221.829667,243.501456,-696.522276,-222.218735,227.450306,-701.949649,-221.439866,229.760679,-703.347107,-217.545505,241.312589,-698.162233,-212.612658,225.919611,-704.974384,-212.612658,228.354107,-706.126648,-212.612658,240.526588,-699.715492,-203.006542,227.450325,-707.407136,-203.785411,229.760719,-708.361915,-207.679772,241.312629,-700.964756,-194.663776,231.712793,-708.952629,-196.119087,233.677567,-709.782354,-203.39565,243.501476,-701.758503,-188.084852,238.212412,-709.564581,-190.07358,239.650185,-710.344698,-200.017291,246.839101,-702.072642,-183.770456,246.454729,-709.196554,-186.109024,247.224226,-710.006467,-197.801817,251.071673,-701.883715,-182.221043,255.945064,-707.801474,-184.685236,255.945064,-708.724553,-197.006147,255.945064,-701.167314,-183.770416,265.435438,-705.526425,-186.108984,264.66596,-706.633994,-197.801777,260.818494,-699.999041,-188.084873,273.677717,-702.707101,-190.073599,272.239943,-704.043221,-200.01731,265.051006,-698.55134,-194.663776,280.177355,-699.581721,-196.119087,278.21258,-701.171276,-203.395669,268.388691,-696.946411,-203.006582,284.43984,-696.38803,-203.78545,282.129448,-698.236409,-207.679812,270.577518,-695.306296,-212.612658,285.970514,-693.363296,-212.612658,283.536018,-695.457026,-212.612658,271.363539,-693.753037,-222.218755,284.4398,-690.930543,-221.439886,282.129408,-693.221601,-217.545505,270.577499,-692.503932,-230.56156,280.177355,-689.384891,-229.106251,278.21258,-691.80132,-221.829667,268.388671,-691.710184,-237.140484,273.677736,-688.773097,-235.151737,272.239943,-691.238976,-225.208025,265.051045,-691.395887,-241.454918,265.435477,-689.141283,-239.116352,264.66598,-691.577364,-227.42356,260.818533,-691.585131],
  "indices" : [0,1,4,4,3,0,1,2,5,5,4,1,3,4,7,7,6,3,4,5,8,8,7,4,6,7,10,10,9,6,7,8,11,11,10,7,9,10,13,13,12,9,10,11,14,14,13,10,12,13,16,16,15,12,13,14,17,17,16,13,15,16,19,19,18,15,16,17,20,20,19,16,18,19,22,22,21,18,19,20,23,23,22,19,21,22,25,25,24,21,22,23,26,26,25,22,24,25,28,28,27,24,25,26,29,29,28,25,27,28,31,31,30,27,28,29,32,32,31,28,30,31,34,34,33,30,31,32,35,35,34,31,33,34,37,37,36,33,34,35,38,38,37,34,36,37,40,40,39,36,37,38,41,41,40,37,39,40,43,43,42,39,40,41,44,44,43,40,42,43,46,46,45,42,43,44,47,47,46,43,45,46,49,49,48,45,46,47,50,50,49,46,48,49,52,52,51,48,49,50,53,53,52,49,51,52,55,55,54,51,52,53,56,56,55,52,54,55,58,58,57,54,55,56,59,59,58,55,57,58,1,1,0,57,58,59,2,2,1,58]
}