{
  "obj_name" : " SKYLINE_GTR_LIGHT-etc_tail-lamp_Group14_Entity102",
  "vertices" : [-174.472218,249.453089,-709.637485,-172.84922,249.453089,-710.670877,-163.111238,249.453089,-708.755614,-173.231096,242.051293,-711.068226,-171.690834,242.54477,-712.006046,-162.449299,245.505473,-709.518613,-169.775055,235.62296,-712.635433,-168.465206,236.54495,-713.468963,-160.606082,242.077029,-710.354678,-164.505069,230.553709,-714.219282,-163.546556,231.813671,-714.947095,-157.795424,239.373407,-711.199144,-157.822131,227.2293,-715.698841,-157.30914,228.710876,-716.328069,-154.23118,237.600373,-711.988136,-150.127258,226.035488,-716.953969,-150.127258,227.596651,-717.499512,-150.127258,236.963696,-712.657623,-142.432364,227.229319,-717.802081,-142.945365,228.710897,-718.291199,-146.023324,237.600413,-713.10997,-135.749446,230.553728,-718.149187,-136.70797,231.813671,-718.615006,-142.4591,239.373427,-713.295093,-130.479448,235.62294,-718.005431,-131.789299,236.54495,-718.480919,-139.648424,242.077009,-713.218539,-127.023438,242.051333,-717.38286,-128.563688,242.54479,-717.899873,-137.805226,245.505512,-712.886491,-125.782297,249.453089,-716.291298,-127.405294,249.453089,-716.881062,-137.143278,249.453089,-712.304336,-127.023417,256.854865,-714.860715,-128.563679,256.361427,-715.545734,-137.805217,253.400705,-711.541337,-130.479458,263.283257,-713.29335,-131.789309,262.361247,-714.082817,-139.648424,256.829188,-710.705429,-135.749446,268.352489,-711.709659,-136.70797,267.092525,-712.604685,-142.4591,259.53277,-709.860805,-142.432374,271.676899,-710.2301,-142.945375,270.19532,-711.223869,-146.023324,261.305824,-709.071654,-150.127258,272.87071,-708.974972,-150.127258,271.309546,-710.052427,-150.127258,261.942502,-708.402168,-157.822141,271.676859,-708.126702,-157.309159,270.19528,-709.26074,-154.2312,261.305764,-707.949821,-164.505078,268.352468,-707.779755,-163.546556,267.092506,-708.937092,-157.795434,259.53275,-707.764856,-169.775055,263.283257,-707.923352,-168.465206,262.361247,-709.07102,-160.606091,256.829188,-707.84141,-173.231117,256.854904,-708.546399,-171.690855,256.361447,-709.652383,-162.449319,253.400745,-708.173776],
  "indices" : [0,1,4,4,3,0,1,2,5,5,4,1,3,4,7,7,6,3,4,5,8,8,7,4,6,7,10,10,9,6,7,8,11,11,10,7,9,10,13,13,12,9,10,11,14,14,13,10,12,13,16,16,15,12,13,14,17,17,16,13,15,16,19,19,18,15,16,17,20,20,19,16,18,19,22,22,21,18,19,20,23,23,22,19,21,22,25,25,24,21,22,23,26,26,25,22,24,25,28,28,27,24,25,26,29,29,28,25,27,28,31,31,30,27,28,29,32,32,31,28,30,31,34,34,33,30,31,32,35,35,34,31,33,34,37,37,36,33,34,35,38,38,37,34,36,37,40,40,39,36,37,38,41,41,40,37,39,40,43,43,42,39,40,41,44,44,43,40,42,43,46,46,45,42,43,44,47,47,46,43,45,46,49,49,48,45,46,47,50,50,49,46,48,49,52,52,51,48,49,50,53,53,52,49,51,52,55,55,54,51,52,53,56,56,55,52,54,55,58,58,57,54,55,56,59,59,58,55,57,58,1,1,0,57,58,59,2,2,1,58]
}