{
  "obj_name" : " SKYLINE_GTR_LIGHT-etc_tail-lamp_Group15_Entity104",
  "vertices" : [-163.111238,249.453089,-708.755614,-162.299738,249.453089,-711.301057,-150.127258,249.453089,-712.964471,-162.449299,245.505473,-709.518613,-161.679178,245.752191,-712.01619,-160.606082,242.077029,-710.354678,-159.951147,242.538014,-712.799952,-157.795425,239.373407,-711.199144,-157.316163,240.003388,-713.591797,-154.231181,237.600373,-711.988136,-153.974685,238.341184,-714.331497,-150.127258,236.963696,-712.657623,-150.127258,237.744288,-714.959141,-146.023325,237.600413,-713.10997,-146.279811,238.341204,-715.383276,-142.459101,239.373427,-713.295093,-142.938352,240.003408,-715.556829,-139.648424,242.077009,-713.21854,-140.303359,242.538014,-715.484872,-137.805226,245.505512,-712.886491,-138.575357,245.752231,-715.173744,-137.143278,249.453089,-712.304336,-137.954777,249.453089,-714.627884,-137.805217,253.400705,-711.541337,-138.575348,253.153987,-713.912751,-139.648424,256.829188,-710.705429,-140.303359,256.368183,-713.128831,-142.459101,259.53277,-709.860805,-142.938362,258.902809,-712.336986,-146.023325,261.305824,-709.071654,-146.279831,260.565014,-711.597286,-150.127258,261.942502,-708.402168,-150.127258,261.161909,-710.969642,-154.231201,261.305764,-707.949821,-153.974705,260.564974,-710.545666,-157.795435,259.53275,-707.764856,-157.316163,258.902769,-710.372113,-160.606091,256.829188,-707.84141,-159.951157,256.368183,-710.443911,-162.449319,253.400745,-708.173775,-161.679197,253.154006,-710.755514],
  "indices" : [0,1,4,4,3,0,1,2,4,3,4,6,6,5,3,4,2,6,5,6,8,8,7,5,6,2,8,7,8,10,10,9,7,8,2,10,9,10,12,12,11,9,10,2,12,11,12,14,14,13,11,12,2,14,13,14,16,16,15,13,14,2,16,15,16,18,18,17,15,16,2,18,17,18,20,20,19,17,18,2,20,19,20,22,22,21,19,20,2,22,21,22,24,24,23,21,22,2,24,23,24,26,26,25,23,24,2,26,25,26,28,28,27,25,26,2,28,27,28,30,30,29,27,28,2,30,29,30,32,32,31,29,30,2,32,31,32,34,34,33,31,32,2,34,33,34,36,36,35,33,34,2,36,35,36,38,38,37,35,36,2,38,37,38,40,40,39,37,38,2,40,39,40,1,1,0,39,40,2,1]
}