{
  "obj_name" : " SKYLINE_GTR_LIGHT-etc_winker_Entity92",
  "vertices" : [274.921084,215.193336,266.352479,275.235084,212.942933,264.080282,275.952813,207.799189,264.080282,276.266813,205.548786,266.352479,276.266813,205.548786,284.53005,275.952813,207.799189,286.802246,275.235084,212.942933,286.802246,274.921084,215.193336,284.53005,278.24807,214.838207,267.163978,278.56207,212.587804,264.891781,279.055507,209.051484,264.891781,279.369527,206.801081,267.163978,279.369527,206.801081,283.718551,279.055507,209.051484,285.990747,278.56207,212.587804,285.990747,278.24807,214.838207,283.718551,278.808789,210.819644,275.441265],
  "indices" : [1,0,9,8,9,0,2,1,10,9,10,1,3,2,11,10,11,2,4,3,12,11,12,3,5,4,13,12,13,4,6,5,14,13,14,5,7,6,15,14,15,6,0,7,8,15,8,7,9,8,16,10,9,16,11,10,16,12,11,16,13,12,16,14,13,16,15,14,16,8,15,16]
}