{
  "obj_name" : " SKYLINE_GTR_OTHERS_NISSAN-mar_Entity144",
  "vertices" : [13.104082,255.036442,-726.581321,13.793771,254.355504,-726.690683,13.793771,248.907843,-727.565739,13.104082,248.226866,-727.675101,-13.104082,248.226866,-727.675101,-13.793771,248.907843,-727.565739,-13.793771,254.355504,-726.690683,-13.104082,255.036442,-726.581321,13.104082,254.799451,-723.655963,14.023665,253.891468,-723.80178,14.023665,248.443807,-724.676835,13.104082,247.535864,-724.822651,-13.104082,247.535864,-724.822651,-14.023665,248.443807,-724.676835,-14.023665,253.891468,-723.80178,-13.104082,254.799451,-723.655963,0.0,254.825959,-723.820958,0.0,247.562372,-724.987804,0.0,255.062989,-726.746315,0.0,248.253374,-727.840254],
  "indices" : [1,0,9,8,9,0,2,1,10,9,10,1,3,2,11,10,11,2,5,4,13,12,13,4,6,5,14,13,14,5,7,6,15,14,15,6,2,3,1,0,1,3,6,7,5,4,5,7,11,17,3,19,3,17,4,19,12,17,12,19,3,19,0,18,0,19,7,18,4,19,4,18,0,18,8,16,8,18,15,16,7,18,7,16]
}