{
  "obj_name" : " SKYLINE_GTR_OTHERS_wiper_Group16_Entity147",
  "vertices" : [-182.480016,287.096767,280.057915,-193.139617,285.365715,282.514877,-183.596541,283.011537,288.445276,-100.230029,282.575911,298.369137,-99.425902,285.941491,291.47639,-182.306228,283.554226,278.362009,-192.41434,281.815052,280.89505,-183.422671,279.469135,286.74945,-100.056277,279.033271,296.673112,-99.252112,282.39901,289.780564],
  "indices" : [5,6,1,1,0,5,6,7,2,2,1,6,0,1,2,3,8,9,9,4,3,8,3,2,2,7,8,0,2,3,3,4,0,5,0,4,4,9,5]
}