{
  "obj_name" : " SKYLINE_GTR_OTHERS_wiper_Group16_Entity149",
  "vertices" : [-116.599406,287.875853,278.185301,-13.832923,290.309993,286.562875,90.666196,288.099134,286.701162,-116.60123,286.163781,281.628304,-14.118808,288.663736,289.854992,90.664372,286.3873,290.144326,90.654149,285.769919,289.831019,90.63271,287.509609,286.358415,-14.107554,285.769087,288.418782,-13.837874,287.418117,285.145288],
  "indices" : [1,0,4,3,4,0,2,1,5,4,5,1,5,6,2,7,2,6,4,8,1,9,1,8,4,8,5,6,5,8,2,7,1,9,1,7,8,9,6,7,6,9,4,3,8,1,9,0,3,0,8,9,8,0]
}