{
  "obj_name" : " SKYLINE_GTR_BODY_door-glas0_Entity59",
  "vertices" : [227.040297,324.620835,132.737099,220.492318,337.601803,112.905106,213.81263,350.060566,92.772293,206.88131,361.918154,71.737519,199.578476,373.095676,49.199726,195.277197,379.30883,32.811573,192.056145,384.032009,14.277863,189.755062,387.478027,-6.271124,188.213711,389.859543,-28.705417,187.241833,391.440067,-53.992477,186.740925,392.334499,-81.043838,186.423141,393.032475,-139.847374,222.968955,332.610848,97.492058,213.564624,350.007113,55.692505,208.08994,359.125774,14.831885,205.017776,364.348055,-32.667099,203.537939,367.032578,-87.546371,202.9582,368.331017,-146.010566,237.020462,302.111137,138.479638,231.376743,314.898542,102.21183,226.250353,326.451977,62.185292,222.846655,333.70443,15.381152,220.568139,338.272914,-36.63829,219.107778,341.116131,-94.080116,218.292555,342.964034,-152.226616,239.474077,296.40723,106.974236,237.254007,302.207661,68.838944,235.768822,306.749123,15.659313,234.694775,310.491329,-41.042259,233.839887,313.682878,-101.008049,233.081128,316.28562,-158.720985,246.380396,278.766918,144.36451,247.161066,277.806633,111.736718,247.669481,277.822823,75.49276,248.095814,279.521717,15.905377,248.219185,282.306171,-45.510414,247.965117,285.706978,-108.066345,247.258224,288.92535,-165.411552],
  "indices" : [10,16,11,17,11,16,16,23,17,24,17,23,23,29,24,30,24,29,29,36,30,37,30,36,36,29,35,28,35,29,29,23,28,22,28,23,23,16,22,15,22,16,8,15,9,10,9,16,15,16,9,14,21,15,22,15,21,21,27,22,28,22,27,27,34,28,35,28,34,27,21,26,20,26,21,21,14,20,13,20,14,6,14,7,8,7,15,14,15,7,6,5,14,13,14,4,5,4,14,12,19,13,20,13,19,19,25,20,26,20,25,1,0,2,12,2,0,19,12,18,0,18,12,4,3,13,12,13,2,3,2,13,19,18,25,18,31,25,32,25,31,25,32,26,33,26,32,26,33,27,34,27,33]
}