{
  "obj_name" : " SKYLINE_GTR_BODY_door-glas0_Entity61",
  "vertices" : [-227.040297,324.620835,132.737099,-220.492319,337.601803,112.905106,-213.81263,350.060566,92.772293,-206.88131,361.918154,71.737519,-199.578476,373.095676,49.199726,-195.277197,379.30883,32.811573,-192.056145,384.032009,14.277863,-189.755062,387.478027,-6.271124,-188.213711,389.859543,-28.705417,-187.241833,391.440067,-53.992477,-186.740925,392.334499,-81.043838,-186.423141,393.032475,-139.847374,-222.968955,332.610848,97.492058,-213.564624,350.007113,55.692505,-208.08994,359.125774,14.831885,-205.017776,364.348055,-32.667099,-203.537939,367.032578,-87.546371,-202.9582,368.331017,-146.010566,-237.020462,302.111137,138.479638,-231.376743,314.898542,102.21183,-226.250353,326.451977,62.185292,-222.846656,333.70443,15.381152,-220.568139,338.272914,-36.63829,-219.107778,341.116131,-94.080116,-218.292555,342.964034,-152.226616,-239.474077,296.40723,106.974236,-237.254007,302.207661,68.838944,-235.768822,306.749123,15.659313,-234.694775,310.491329,-41.042259,-233.839887,313.682878,-101.008049,-233.081128,316.28562,-158.720985,-246.380396,278.766918,144.36451,-247.161066,277.806633,111.736718,-247.669481,277.822823,75.49276,-248.095814,279.521717,15.905377,-248.219185,282.306171,-45.510414,-247.965117,285.706978,-108.066345,-247.258224,288.92535,-165.411552],
  "indices" : [16,10,11,11,17,16,23,16,17,17,24,23,29,23,24,24,30,29,36,29,30,30,37,36,29,36,35,35,28,29,23,29,28,28,22,23,16,23,22,22,15,16,15,8,9,9,10,16,16,15,9,21,14,15,15,22,21,27,21,22,22,28,27,34,27,28,28,35,34,21,27,26,26,20,21,14,21,20,20,13,14,14,6,7,7,8,15,15,14,7,5,6,14,14,13,4,4,5,14,19,12,13,13,20,19,25,19,20,20,26,25,0,1,2,2,12,0,12,19,18,18,0,12,3,4,13,13,12,2,2,3,13,18,19,25,31,18,25,25,32,31,32,25,26,26,33,32,33,26,27,27,34,33]
}