{
  "obj_name" : " SKYLINE_GTR_BODY_door-glas0_Entity62",
  "vertices" : [-196.49107,377.119652,-179.170978,-196.240965,376.811256,-197.564975,-195.738552,375.747631,-215.611787,-215.270728,342.585625,-203.237064,-214.185962,343.306544,-230.322657,-212.531503,343.668072,-257.242698,-234.050364,308.051563,-227.303312,-232.13096,309.80179,-263.080417,-229.324435,311.588516,-298.873611,-196.643444,377.02911,-168.544227,-215.844166,341.81066,-180.647129,-235.101686,306.459591,-192.750187,-237.673479,301.388992,-231.946368,-235.593699,303.33659,-269.40147,-232.624615,305.284184,-307.055008,-212.196721,343.222105,-279.080654,-224.601081,318.939392,-310.226036,-191.2994,386.666645,-172.517879,-191.668299,385.348755,-189.217792,-192.039536,382.81385,-206.441692,-196.637104,372.54447,-234.846366,-194.283619,377.04789,-225.596153,-192.69442,380.428963,-216.109147,-194.41523,381.1078,-167.179737,-191.64809,386.09507,-169.387508,-193.004082,383.6702,-167.351707,-238.589525,299.974533,-203.667541,-237.229116,302.539848,-195.487571,-238.317568,300.514767,-199.054359,-230.409736,308.703571,-312.597923,-226.863608,314.726732,-313.219864,-228.724607,311.474239,-313.481857,-231.820843,306.440689,-310.683296],
  "indices" : [0,1,4,4,3,0,1,2,5,5,4,1,3,4,7,7,6,3,4,5,8,8,7,4,9,0,3,3,10,9,12,6,7,7,13,12,13,7,8,8,14,13,18,1,0,0,17,18,19,2,1,1,18,19,22,2,19,0,9,23,23,25,0,25,24,17,17,0,25,11,10,3,3,6,11,28,27,11,11,6,28,6,12,26,26,28,6,8,5,15,15,16,8,8,16,30,30,31,8,32,14,8,8,31,29,29,32,8,20,15,5,5,2,20,2,22,21,21,20,2]
}