{
  "obj_name" : " SKYLINE_GTR_BODY_door-glas0_Entity63",
  "vertices" : [188.008028,393.08836,-152.380836,187.954872,392.81694,-168.231849,188.084146,392.040703,-182.67509,188.105404,390.329266,-196.688659,188.087374,388.116707,-210.59239,196.802723,376.934467,-157.435745,216.151083,341.395896,-168.556518,235.499443,305.857327,-179.677303,244.294142,289.703426,-184.732212,242.586584,292.354332,-238.242465,240.287781,294.572399,-277.970317,236.957603,297.006916,-317.79676,190.041014,383.589233,-225.452723,194.094803,375.927147,-242.192498,211.783611,342.908263,-290.584766,222.752593,320.798174,-320.007782,196.643456,377.029129,-168.544235,215.844176,341.81068,-180.647136,235.101698,306.45961,-192.750194,243.857941,290.380585,-198.401287,237.673491,301.389011,-231.946376,235.59371,303.336609,-269.401477,232.624626,305.284206,-307.055023,212.196731,343.222125,-279.080661,224.60109,318.939413,-310.226051,191.299412,386.666664,-172.517887,191.66831,385.348774,-189.217804,192.039547,382.813869,-206.4417,196.637115,372.544491,-234.846375,194.28363,377.047913,-225.596161,192.694431,380.428982,-216.109153,198.258053,368.5811,-253.793127,194.415241,381.107822,-167.179748,191.648102,386.095089,-169.387516,193.004093,383.670223,-167.351715,238.589537,299.974556,-203.667549,237.229128,302.539867,-195.487579,238.317579,300.51479,-199.054367,230.409745,308.703592,-312.597938,226.863618,314.726751,-313.219879,228.724617,311.47426,-313.481872,231.820854,306.440708,-310.683311,235.555967,298.666409,-325.1772,231.268576,305.225243,-331.215492,226.487685,313.365747,-329.00447],
  "indices" : [6,17,5,16,5,17,7,18,6,17,6,18,10,21,9,20,9,21,1,25,2,26,2,25,2,26,3,27,3,26,27,30,3,4,3,30,30,29,4,12,4,29,29,28,12,13,12,28,16,32,5,25,1,33,32,34,5,0,5,34,1,0,33,34,33,0,20,35,9,19,9,35,36,19,37,35,37,19,19,36,8,7,8,18,36,18,8,10,11,21,22,21,11,23,24,14,15,14,24,24,39,15,39,40,15,44,15,40,44,40,43,42,43,38,40,38,43,22,11,41,38,41,42,11,42,41,13,28,31,14,31,23,28,23,31]
}