{
  "obj_name" : " SKYLINE_GTR_BODY_door-glas0_Entity64",
  "vertices" : [-188.008017,393.08836,-152.380821,-187.954861,392.81694,-168.231834,-188.084135,392.040703,-182.675083,-188.105392,390.329266,-196.688652,-188.087362,388.116707,-210.592382,-196.802711,376.934467,-157.43573,-216.151073,341.395896,-168.556503,-235.499432,305.857327,-179.677295,-244.29413,289.703426,-184.732204,-242.586573,292.354332,-238.242457,-240.287769,294.572399,-277.97031,-236.957592,297.006916,-317.796745,-190.041002,383.589233,-225.452714,-194.094791,375.927147,-242.19249,-211.783601,342.908263,-290.584758,-222.752583,320.798174,-320.007766,-196.643444,377.029129,-168.54422,-215.844165,341.81068,-180.647129,-235.101686,306.45961,-192.750187,-243.857929,290.380585,-198.401279,-237.673479,301.389011,-231.946368,-235.593699,303.336609,-269.40147,-232.624615,305.284206,-307.055008,-212.196721,343.222125,-279.080654,-224.601081,318.939413,-310.226036,-191.2994,386.666664,-172.517879,-191.668299,385.348774,-189.217796,-192.039536,382.813869,-206.441692,-196.637104,372.544491,-234.846367,-194.283619,377.047913,-225.596153,-192.69442,380.428982,-216.109146,-198.258041,368.5811,-253.793119,-194.41523,381.107822,-167.179733,-191.64809,386.095089,-169.387508,-193.004082,383.670223,-167.351699,-238.589525,299.974556,-203.667541,-237.229116,302.539867,-195.487571,-238.317568,300.51479,-199.054359,-230.409736,308.703592,-312.597923,-226.863608,314.726751,-313.219864,-228.724607,311.47426,-313.481857,-231.820843,306.440708,-310.683296,-235.555956,298.666409,-325.177185,-231.268564,305.225243,-331.215477,-226.487676,313.365747,-329.004455],
  "indices" : [17,6,5,5,16,17,18,7,6,6,17,18,21,10,9,9,20,21,25,1,2,2,26,25,26,2,3,3,27,26,30,27,3,3,4,30,29,30,4,4,12,29,28,29,12,12,13,28,32,16,5,1,25,33,34,32,5,5,0,34,0,1,33,33,34,0,35,20,9,9,19,35,19,36,37,37,35,19,36,19,8,8,7,18,18,36,8,11,10,21,21,22,11,24,23,14,14,15,24,39,24,15,40,39,15,15,44,40,40,44,43,43,42,38,38,40,43,11,22,41,41,38,42,42,11,41,28,13,31,31,14,23,23,28,31]
}