{
  "obj_name" : " SKYLINE_GTR_BODY_door-mirro_Group08_Entity34",
  "vertices" : [250.049561,274.628999,151.444273,249.576807,275.999037,169.491324,248.467415,278.742184,178.654763,247.590973,280.784898,181.352677,246.710052,282.769979,181.956625,245.730272,284.912446,180.812127,244.52293,287.470153,176.97629,242.930103,290.724548,166.91529,241.949986,292.624815,147.549079,263.523946,277.75313,148.731934,263.233502,278.910705,164.303477,262.356327,281.402576,171.931644,261.660489,283.275423,174.012616,260.95871,285.10601,174.301752,260.166765,287.070288,173.700497,259.215712,289.401703,170.892228,257.994362,292.357432,162.720539,257.322498,294.006839,146.140251,276.937408,280.877242,144.839396,276.693107,281.974687,157.992846,276.1058,284.188319,164.256126,275.692899,285.83836,166.074628,275.302722,287.44204,166.486203,274.744896,289.171725,165.739409,274.102393,291.236173,163.232402,273.346368,293.860963,156.457735,272.881836,295.388844,142.364761,290.431982,284.001373,139.560255,290.129889,285.042354,150.237922,289.754848,286.976954,155.089995,289.579967,288.402763,156.619004,289.466882,289.778051,157.132055,289.188781,291.272132,156.227203,288.916286,293.068662,153.999385,288.701426,295.362236,148.581086,288.525198,296.770847,136.899073,304.149698,287.125504,132.688153,303.717995,287.965037,140.717276,303.3424,289.645965,143.895316,303.213522,290.897686,144.725953,303.1759,292.114081,144.861387,303.222498,293.426942,144.462374,303.390779,294.994208,143.195833,303.774975,296.988422,139.544566,304.149698,298.152872,130.419642],
  "indices" : [1,0,10,9,10,0,2,1,11,10,11,1,3,2,12,11,12,2,4,3,13,12,13,3,5,4,14,13,14,4,6,5,15,14,15,5,7,6,16,15,16,6,8,7,17,16,17,7,0,8,9,17,9,8,10,9,19,18,19,9,11,10,20,19,20,10,12,11,21,20,21,11,13,12,22,21,22,12,14,13,23,22,23,13,15,14,24,23,24,14,16,15,25,24,25,15,17,16,26,25,26,16,9,17,18,26,18,17,19,18,28,27,28,18,20,19,29,28,29,19,21,20,30,29,30,20,22,21,31,30,31,21,23,22,32,31,32,22,24,23,33,32,33,23,25,24,34,33,34,24,26,25,35,34,35,25,18,26,27,35,27,26,28,27,37,36,37,27,29,28,38,37,38,28,30,29,39,38,39,29,31,30,40,39,40,30,32,31,41,40,41,31,33,32,42,41,42,32,34,33,43,42,43,33,35,34,44,43,44,34,27,35,36,44,36,35]
}