{
  "obj_name" : " SKYLINE_GTR_BODY_door-mirro_Group09_Entity35",
  "vertices" : [-228.156677,325.645054,131.193117,-240.28248,299.817246,168.491865,-250.152253,276.865602,199.702149,-241.057802,298.702981,158.499455,-251.089202,275.163654,181.30744,-241.61218,297.862755,148.82364,-251.720233,273.900999,163.454471,-241.970143,297.231248,138.278754,-252.099851,272.970409,144.195641,-221.989286,325.645054,131.193117,-235.802753,297.231248,138.278754,-245.93246,272.970409,144.195641,-234.115089,299.817246,168.491865,-243.984863,276.865602,199.702149],
  "indices" : [1,0,3,2,1,4,3,4,1,3,0,5,4,3,6,5,6,3,5,0,7,6,5,8,7,8,5,7,0,10,9,10,0,8,7,11,10,11,7,10,9,12,11,10,13,12,13,10]
}