{
  "obj_name" : " SKYLINE_GTR_BLK-PARTS_door-glass_Group12_Entity77",
  "vertices" : [183.788242,399.742615,-150.108635,183.936733,399.567554,-119.54644,184.180618,399.097218,-88.379417,184.760851,398.055622,-57.601425,185.93592,396.136555,-27.695004,188.499907,392.245758,5.432606,192.664742,386.248356,33.309646,197.447097,379.122344,51.986797,211.219374,356.622512,93.982491,224.169237,332.205158,133.301582,236.543484,305.913197,171.346443,248.428139,278.154633,209.003349,186.658701,396.731667,-151.063332,186.810283,396.552094,-120.45121,187.059695,396.073593,-89.168404,187.642286,395.028233,-58.260925,188.810955,393.117804,-28.261314,191.347285,389.265642,4.8537,195.45413,383.350023,32.49791,200.119673,376.395383,50.725723,213.600141,354.401828,91.825089,226.3228,330.500416,130.435234,238.498928,304.751221,167.834251,250.182091,277.57135,204.794701,187.979942,393.088284,-152.218529,188.135288,392.9032,-121.546104,188.391377,392.414955,-90.123108,188.976822,391.365,-59.059113,190.137705,389.465029,-28.946568,192.640532,385.659624,4.152989,196.677262,379.842905,31.515791,201.201487,373.095658,49.199726,214.325358,351.71132,89.212914,226.767302,328.428677,126.962944,238.702553,303.335182,163.58007,250.152256,276.865562,199.702141,182.092951,393.055355,-152.218529,182.242195,392.878712,-121.611,182.487408,392.406118,-90.168442,183.066095,391.366425,-58.999275,184.233278,389.458332,-28.691628,186.774364,385.599712,4.765972,190.896523,379.662616,32.61702,195.553369,372.721212,50.820347,208.613108,351.416162,90.522095,220.994585,328.201988,127.827293,232.867014,303.219795,163.972435,244.246384,276.95462,199.705284,177.880527,399.742615,-150.108635,178.022896,399.576031,-119.611183,178.255806,399.121506,-88.424194,178.829264,398.090134,-57.540161,180.010712,396.162865,-27.43713,182.613253,392.218378,6.050899,186.864151,386.099726,34.419751,191.780415,378.777773,53.621124,205.428075,356.37189,95.239365,218.265148,331.940231,134.214363,230.522642,305.694706,171.879738,242.272713,278.206673,209.060051],
  "indices" : [13,12,1,0,1,12,14,13,2,1,2,13,15,14,3,2,3,14,16,15,4,3,4,15,17,16,5,4,5,16,18,17,6,5,6,17,19,18,7,6,7,18,20,19,8,7,8,19,21,20,9,8,9,20,22,21,10,9,10,21,23,22,11,10,11,22,25,24,13,12,13,24,26,25,14,13,14,25,27,26,15,14,15,26,28,27,16,15,16,27,29,28,17,16,17,28,30,29,18,17,18,29,31,30,19,18,19,30,32,31,20,19,20,31,33,32,21,20,21,32,34,33,22,21,22,33,35,34,23,22,23,34,37,36,25,24,25,36,38,37,26,25,26,37,39,38,27,26,27,38,40,39,28,27,28,39,41,40,29,28,29,40,42,41,30,29,30,41,43,42,31,30,31,42,44,43,32,31,32,43,45,44,33,32,33,44,46,45,34,33,34,45,47,46,35,34,35,46,49,48,37,36,37,48,50,49,38,37,38,49,51,50,39,38,39,50,52,51,40,39,40,51,53,52,41,40,41,52,54,53,42,41,42,53,55,54,43,42,43,54,56,55,44,43,44,55,57,56,45,44,45,56,58,57,46,45,46,57,59,58,47,46,47,58,1,0,49,48,49,0,2,1,50,49,50,1,3,2,51,50,51,2,4,3,52,51,52,3,5,4,53,52,53,4,6,5,54,53,54,5,7,6,55,54,55,6,8,7,56,55,56,7,9,8,57,56,57,8,10,9,58,57,58,9,11,10,59,58,59,10]
}