{
  "obj_name" : " SKYLINE_GTR_BODY_door-mirro_Group09_Entity37",
  "vertices" : [-250.049587,274.628999,151.444287,-249.576834,275.999037,169.491337,-248.467442,278.742184,178.654774,-247.591,280.784898,181.352688,-246.710079,282.769979,181.956637,-245.730299,284.912446,180.812138,-244.522957,287.470153,176.976302,-242.930134,290.724548,166.915304,-241.950016,292.624815,147.549093,-263.523973,277.75313,148.731947,-263.233529,278.910705,164.30349,-262.356354,281.402576,171.931657,-261.660516,283.275423,174.012627,-260.958736,285.10601,174.301764,-260.166792,287.070288,173.700508,-259.215738,289.401703,170.892242,-257.994389,292.357432,162.720552,-257.322525,294.006839,146.140264,-276.937436,280.877242,144.839409,-276.693134,281.974687,157.992859,-276.105828,284.188319,164.25614,-275.692926,285.83836,166.074642,-275.302749,287.44204,166.486216,-274.744923,289.171725,165.739422,-274.102421,291.236173,163.232415,-273.346395,293.860963,156.457748,-272.881864,295.388844,142.364774,-290.432009,284.001373,139.560267,-290.129916,285.042354,150.237935,-289.754875,286.976954,155.090008,-289.579994,288.402763,156.619017,-289.466908,289.778051,157.132068,-289.188807,291.272132,156.227216,-288.916313,293.068662,153.999398,-288.701452,295.362236,148.581099,-288.525225,296.770847,136.899084,-304.149725,287.125504,132.688164,-303.718021,287.965037,140.717287,-303.342426,289.645965,143.895329,-303.213549,290.897686,144.725966,-303.175926,292.114081,144.8614,-303.222525,293.426942,144.462387,-303.390806,294.994208,143.195846,-303.775002,296.988422,139.544577,-304.149725,298.152872,130.419653],
  "indices" : [0,1,10,10,9,0,1,2,11,11,10,1,2,3,12,12,11,2,3,4,13,13,12,3,4,5,14,14,13,4,5,6,15,15,14,5,6,7,16,16,15,6,7,8,17,17,16,7,8,0,9,9,17,8,9,10,19,19,18,9,10,11,20,20,19,10,11,12,21,21,20,11,12,13,22,22,21,12,13,14,23,23,22,13,14,15,24,24,23,14,15,16,25,25,24,15,16,17,26,26,25,16,17,9,18,18,26,17,18,19,28,28,27,18,19,20,29,29,28,19,20,21,30,30,29,20,21,22,31,31,30,21,22,23,32,32,31,22,23,24,33,33,32,23,24,25,34,34,33,24,25,26,35,35,34,25,26,18,27,27,35,26,27,28,37,37,36,27,28,29,38,38,37,28,29,30,39,39,38,29,30,31,40,40,39,30,31,32,41,41,40,31,32,33,42,42,41,32,33,34,43,43,42,33,34,35,44,44,43,34,35,27,36,36,44,35]
}