{
  "obj_name" : " SKYLINE_GTR_BODY_headlight-_Group03_Entity14",
  "vertices" : [-143.804458,171.074257,664.960631,-139.733046,173.803753,664.960631,-136.349249,177.284321,664.960631,-133.777802,181.395208,664.960636,-132.143501,186.015759,664.960621,-131.570988,191.025178,664.960631,-132.035063,195.542745,664.960636,-133.366901,199.7561,664.960631,-135.475977,203.577632,664.960627,-138.271763,206.919735,664.960621,-141.663704,209.694719,664.960631,-162.238059,212.662672,664.960631,-167.561755,210.255974,664.960627,-172.055746,206.692393,664.960627,-175.517057,202.168465,664.960627,-177.742735,196.880608,664.960621,-178.529709,191.025178,664.960631,-177.971445,186.077354,664.960627,-176.376659,181.507067,664.960627,-173.865412,177.430573,664.960627,-170.557703,173.963913,664.960631,-166.573593,171.223341,664.960631,-143.804458,168.639759,601.663733,-139.733046,171.622454,601.663733,-136.349249,175.706753,601.663742,-133.777802,180.53826,601.663733,-132.143501,185.762581,601.663712,-131.570988,191.025178,601.663733,-132.035063,195.542745,601.663733,-133.366901,199.7561,601.663733,-135.475977,203.577632,601.663721,-138.271763,206.919735,601.663712,-141.663704,209.694719,601.663733,-168.730048,213.474173,601.663733,-172.141176,209.576441,601.663721,-174.870495,205.445109,601.663733,-176.874199,200.936596,601.663721,-178.108564,195.907345,601.663721,-178.529709,190.213679,601.663733,-178.245783,185.268292,601.663733,-177.426933,180.637995,601.663733,-176.122473,176.337923,601.663721,-174.381752,172.383156,601.663733,-172.254084,168.788845,601.663733],
  "indices" : [1,0,23,22,23,0,2,1,24,23,24,1,3,2,25,24,25,2,4,3,26,25,26,3,5,4,27,26,27,4,6,5,28,27,28,5,7,6,29,28,29,6,8,7,30,29,30,7,9,8,31,30,31,8,10,9,32,31,32,9,12,11,34,33,34,11,13,12,35,34,35,12,14,13,36,35,36,13,15,14,37,36,37,14,16,15,38,37,38,15,17,16,39,38,39,16,18,17,40,39,40,17,19,18,41,40,41,18,20,19,42,41,42,19,21,20,43,42,43,20,21,43,0,22,0,43,10,32,11,33,11,32]
}