{
  "obj_name" : " SKYLINE_GTR_BODY_headlight-_Group03_Entity15",
  "vertices" : [-170.66853,171.310602,630.066183,-167.752979,174.628872,630.066183,-165.38826,178.309522,630.066183,-163.630165,182.302448,630.066193,-162.534443,186.557745,630.066173,-162.156788,191.025188,630.066183,-162.64551,196.100482,630.066183,-164.056719,200.891058,630.066183,-166.307835,205.322899,630.066183,-169.316422,209.322006,630.066173,-172.999903,212.814205,630.066183,-210.792683,216.507713,630.066183,-216.314837,212.977554,630.066173,-220.899012,208.515125,630.066183,-224.379107,203.269526,630.066183,-226.58905,197.389865,630.066163,-227.362572,191.025188,630.066183,-227.02327,186.788535,630.066183,-226.037012,182.739956,630.066183,-224.45118,178.921969,630.066183,-222.313131,175.377092,630.066183,-219.670252,172.147898,630.066183,-170.66853,171.310602,601.663729,-167.752979,174.628872,601.663729,-165.38826,178.309522,601.663729,-163.630165,182.302448,601.66374,-162.534443,186.557745,601.66371,-162.156788,191.025188,601.663729,-162.64551,196.100482,601.66372,-164.056719,200.891058,601.663729,-166.307835,205.322899,601.663729,-169.316422,209.322006,601.66371,-172.999903,212.814205,601.663729,-210.792683,216.507713,601.663729,-216.314837,212.977554,601.663729,-220.899012,208.515125,601.663729,-224.379107,203.269526,601.663729,-226.58905,197.389865,601.66371,-227.362572,191.025188,601.663729,-227.02327,186.788535,601.663729,-226.037012,182.739956,601.663729,-224.45118,178.921969,601.66372,-222.313131,175.377092,601.663729,-219.670252,172.147898,601.663729],
  "indices" : [1,0,23,22,23,0,2,1,24,23,24,1,3,2,25,24,25,2,4,3,26,25,26,3,5,4,27,26,27,4,6,5,28,27,28,5,7,6,29,28,29,6,8,7,30,29,30,7,9,8,31,30,31,8,10,9,32,31,32,9,12,11,34,33,34,11,13,12,35,34,35,12,14,13,36,35,36,13,15,14,37,36,37,14,16,15,38,37,38,15,17,16,39,38,39,16,18,17,40,39,40,17,19,18,41,40,41,18,20,19,42,41,42,19,21,20,43,42,43,20,33,11,32,10,32,11,22,0,43,21,43,0]
}