{
  "obj_name" : " SKYLINE_GTR_BODY_headlight-_Group05_Entity21",
  "vertices" : [-231.513439,219.39233,616.633301,-236.583523,216.767857,616.278032,-240.959316,213.135687,616.352327,-244.475268,208.629512,616.854362,-246.965793,203.38318,617.782356,-248.26538,197.530523,619.134444,-248.253076,191.787308,620.737174,-247.052451,186.351494,622.5089,-244.78069,181.368207,624.384104,-241.555181,176.982628,626.297109,-237.493051,173.339779,628.182496,-216.581863,215.659435,624.930399,-223.76327,216.060251,623.279883,-230.994127,214.215637,622.244331,-237.41313,210.292806,621.961752,-242.158911,204.458951,622.570158,-244.370186,196.881324,624.2075,-244.360022,190.671834,625.939661,-243.312226,185.25403,627.673645,-241.257169,180.554331,629.42336,-238.225322,176.499254,631.202832,-234.247056,173.015179,633.02601],
  "indices" : [0,1,12,12,11,0,1,2,13,13,12,1,2,3,14,14,13,2,3,4,15,15,14,3,4,5,16,16,15,4,5,6,17,17,16,5,6,7,18,18,17,6,7,8,19,19,18,7,8,9,20,20,19,8,9,10,21,21,20,9]
}