{
  "obj_name" : " SKYLINE_GTR_BOTTOM_bottom-pla_Entity133",
  "vertices" : [162.299728,66.054369,303.032326,162.299728,46.578401,575.695885,-162.299728,46.578401,575.695885,-162.299728,66.054369,303.032326],
  "indices" : [3,0,1,1,2,3]
}