{
  "obj_name" : " SKYLINE_GTR_Fahrgestell_Vorderrad_R_Bremsanlage1__lschlauchschrauben",
  "vertices" : [-214.545093,59.400792,400.969718,-214.984091,59.436239,400.716262,-215.09723,57.870723,400.693283,-214.658232,57.835277,400.946738,-214.060939,59.369426,400.722883,-214.086233,59.37807,400.258519,-214.199373,57.812554,400.235539,-214.174077,57.80391,400.699904,-213.547174,59.327942,401.019505,-213.133476,59.30114,400.808593,-213.246614,57.735624,400.785614,-213.660311,57.762426,400.996526,-213.078573,59.282379,401.816413,-213.191712,57.716863,401.793433,-213.630713,57.75231,401.539976,-213.517574,59.317826,401.562956,-213.976441,59.340548,402.274164,-214.089579,57.775032,402.251184,-214.114864,57.783676,401.786808,-214.001727,59.349192,401.809787,-214.929198,59.417478,401.72409,-215.042335,57.851962,401.701111,-214.62863,57.82516,401.490186,-214.51549,59.390676,401.513166,-232.844271,60.878352,390.404691,-233.283261,60.913802,390.15124,-233.396405,59.348286,390.128267,-232.957413,59.312836,390.381719,-232.360108,60.846988,390.157862,-232.385407,60.855633,389.693508,-232.49855,59.290117,389.670535,-232.473253,59.281473,390.134892,-231.846349,60.805505,390.45448,-231.432657,60.778703,390.243578,-231.545797,59.213188,390.220607,-231.959491,59.239989,390.431512,-231.377748,60.759938,391.251388,-231.490891,59.194422,391.228415,-231.929895,59.22987,390.974956,-231.816755,60.795385,390.997928,-232.275612,60.818107,391.709137,-232.388755,59.252592,391.686164,-232.414042,59.261236,391.221791,-232.300906,60.826752,391.244769,-233.228364,60.895037,391.159066,-233.341504,59.329521,391.136086,-232.927805,59.302719,390.92517,-232.81466,60.868234,390.94814],
  "indices" : [5,1,0,6,2,1,7,3,2,4,0,3,9,5,4,10,6,5,11,7,6,8,4,7,12,9,8,13,10,9,14,11,10,15,8,11,16,12,15,17,13,12,18,14,13,19,15,14,20,16,19,21,17,16,22,18,17,23,19,18,1,20,23,2,21,20,3,22,21,0,23,22,29,25,24,30,26,25,31,27,26,28,24,27,33,29,28,34,30,29,35,31,30,32,28,31,36,33,32,37,34,33,38,35,34,39,32,35,40,36,39,41,37,36,42,38,37,43,39,38,44,40,43,45,41,40,46,42,41,47,43,42,25,44,47,26,45,44,27,46,45,24,47,46,4,5,0,5,6,1,6,7,2,7,4,3,8,9,4,9,10,5,10,11,6,11,8,7,15,12,8,12,13,9,13,14,10,14,15,11,19,16,15,16,17,12,17,18,13,18,19,14,23,20,19,20,21,16,21,22,17,22,23,18,0,1,23,1,2,20,2,3,21,3,0,22,28,29,24,29,30,25,30,31,26,31,28,27,32,33,28,33,34,29,34,35,30,35,32,31,39,36,32,36,37,33,37,38,34,38,39,35,43,40,39,40,41,36,41,42,37,42,43,38,47,44,43,44,45,40,45,46,41,46,47,42,24,25,47,25,26,44,26,27,45,27,24,46]
}