{
  "obj_name" : " SKYLINE_GTR_Fahrgestell_Vorderrad_L_Bremsanlage__lschlauchschrauben1",
  "vertices" : [257.765824,138.926374,384.441644,258.204822,138.961821,384.695099,258.091682,140.527336,384.672119,257.652684,140.49189,384.418664,257.736225,138.916258,383.898193,258.149923,138.94306,383.687282,258.036784,140.508576,383.664303,257.623084,140.481773,383.875213,257.22246,138.874774,383.601571,257.197166,138.86613,383.137208,257.084026,140.431645,383.114228,257.109318,140.44029,383.57859,256.299305,138.80796,383.594949,256.186164,140.373476,383.571969,256.625165,140.408923,383.825426,256.738305,138.843407,383.848405,256.354202,138.826721,384.602778,256.241061,140.392237,384.579799,256.654765,140.419039,384.368872,256.767908,138.853524,384.391854,257.306959,138.903651,385.152853,257.193817,140.469167,385.129872,257.168531,140.460523,384.665495,257.281671,138.895007,384.688475,276.064998,140.403936,395.006672,276.503989,140.439379,395.260123,276.390845,142.004894,395.237151,275.951852,141.969452,394.983698,276.03539,140.393816,394.463217,276.449082,140.420618,394.252315,276.335938,141.986133,394.229342,275.922245,141.959331,394.440247,275.521631,140.352332,394.166598,275.496333,140.343688,393.702245,275.383185,141.909203,393.67927,275.408482,141.917848,394.143627,274.598474,140.285522,394.159975,274.485331,141.851038,394.137002,274.924334,141.886485,394.390461,275.037481,140.32097,394.413436,274.653371,140.304283,395.1678,274.540228,141.869799,395.144827,274.953931,141.896601,394.933905,275.067074,140.331086,394.956887,275.606124,140.381213,395.717872,275.492984,141.946729,395.694892,275.467693,141.938085,395.230526,275.580839,140.372569,395.253495],
  "indices" : [5,1,0,6,2,1,7,3,2,4,0,3,9,5,4,10,6,5,11,7,6,8,4,7,12,9,8,13,10,9,14,11,10,15,8,11,16,12,15,17,13,12,18,14,13,19,15,14,20,16,19,21,17,16,22,18,17,23,19,18,1,20,23,2,21,20,3,22,21,0,23,22,29,25,24,30,26,25,31,27,26,28,24,27,33,29,28,34,30,29,35,31,30,32,28,31,36,33,32,37,34,33,38,35,34,39,32,35,40,36,39,41,37,36,42,38,37,43,39,38,44,40,43,45,41,40,46,42,41,47,43,42,25,44,47,26,45,44,27,46,45,24,47,46,4,5,0,5,6,1,6,7,2,7,4,3,8,9,4,9,10,5,10,11,6,11,8,7,15,12,8,12,13,9,13,14,10,14,15,11,19,16,15,16,17,12,17,18,13,18,19,14,23,20,19,20,21,16,21,22,17,22,23,18,0,1,23,1,2,20,2,3,21,3,0,22,28,29,24,29,30,25,30,31,26,31,28,27,32,33,28,33,34,29,34,35,30,35,32,31,39,36,32,36,37,33,37,38,34,38,39,35,43,40,39,40,41,36,41,42,37,42,43,38,47,44,43,44,45,40,45,46,41,46,47,42,24,25,47,25,26,44,26,27,45,27,24,46]
}