{
  "obj_name" : " SKYLINE_GTR_BOTTOM_bottom-pla_Entity137",
  "vertices" : [81.149872,38.463413,-560.402374,81.149872,38.463413,-605.846304,81.149872,64.431372,-706.472145,81.149872,75.792353,-712.964134,77.903877,38.463413,-560.402374,77.903877,38.463413,-605.846304,77.903877,64.431372,-706.472145,77.903877,75.792353,-712.964134,81.149872,47.876798,-560.402374,81.149872,56.965583,-605.846304,81.149872,75.792353,-693.812763,77.903877,75.792353,-693.812763,77.903877,56.965583,-605.846304,77.903877,47.876798,-560.402374],
  "indices" : [1,0,5,4,5,0,2,1,6,5,6,1,3,2,7,6,7,2,2,3,10,1,9,0,8,0,9,2,10,1,9,1,10,4,13,5,12,5,13,5,12,6,11,6,12,6,11,7,7,11,3,10,3,11]
}