{
  "obj_name" : " SKYLINE_GTR_BOTTOM_bottom-pla_Entity138",
  "vertices" : [-212.612664,38.463413,-560.402397,-212.612664,38.463413,-605.846331,-212.612664,64.431372,-706.472168,-212.612664,75.792353,-712.964157,-209.366669,38.463413,-560.402397,-209.366669,38.463413,-605.846331,-209.366669,64.431372,-706.472168,-209.366669,75.792353,-712.964157,-212.612664,47.876798,-560.402397,-212.612664,56.965583,-605.846331,-212.612664,75.792353,-693.81279,-209.366669,75.792353,-693.81279,-209.366669,56.965583,-605.846331,-209.366669,47.876798,-560.402397],
  "indices" : [0,1,5,5,4,0,1,2,6,6,5,1,2,3,7,7,6,2,3,2,10,9,1,0,0,8,9,10,2,1,1,9,10,13,4,5,5,12,13,12,5,6,6,11,12,11,6,7,11,7,3,3,10,11]
}