{
  "obj_name" : " SKYLINE_GTR_BLK-PARTS_door-glass_Group12_Entity78",
  "vertices" : [251.705855,272.924119,144.68911,252.49033,271.960701,111.858284,252.994941,271.980019,75.817352,253.424544,273.706295,15.519043,253.543614,276.525342,-46.399101,253.277341,279.959115,-109.419502,252.149446,284.185208,-186.192909,250.265663,276.974638,144.464088,251.050118,276.011261,111.633217,251.554749,276.030558,75.592293,251.982787,277.741877,15.687286,252.104749,280.536159,-45.836597,251.846976,283.946197,-108.510773,250.74117,288.166902,-185.047142,248.003392,278.766909,144.36451,248.787828,277.803512,111.533676,249.292479,277.822809,75.492752,249.719466,279.527233,15.761701,249.842142,282.310084,-45.587757,249.587796,285.709343,-108.108665,248.493065,289.9287,-184.540123,243.720696,278.766909,144.36451,244.505171,277.803512,111.533676,245.009783,277.822809,75.492752,245.43677,279.527233,15.761701,245.559387,282.310084,-45.587757,245.30506,285.709343,-108.108665,244.210349,289.9287,-184.540123,243.720696,272.924119,144.68911,244.505171,271.960701,111.858284,245.009783,271.980019,75.817352,245.43677,273.701105,15.828586,245.559387,276.522014,-46.111034,245.30506,279.965118,-109.311806,244.210349,284.215758,-186.22802],
  "indices" : [0,1,8,8,7,0,1,2,9,9,8,1,2,3,10,10,9,2,3,4,11,11,10,3,4,5,12,12,11,4,5,6,13,13,12,5,7,8,15,15,14,7,8,9,16,16,15,8,9,10,17,17,16,9,10,11,18,18,17,10,11,12,19,19,18,11,12,13,20,20,19,12,14,15,22,22,21,14,15,16,23,23,22,15,16,17,24,24,23,16,17,18,25,25,24,17,18,19,26,26,25,18,19,20,27,27,26,19,21,22,29,29,28,21,22,23,30,30,29,22,23,24,31,31,30,23,24,25,32,32,31,24,25,26,33,33,32,25,26,27,34,34,33,26]
}