{
  "obj_name" : " SKYLINE_GTR_BOTTOM_bottom-pla_Entity139",
  "vertices" : [-81.149868,38.463413,-560.40239,-81.149868,38.463413,-605.846319,-81.149868,64.431372,-706.47216,-81.149868,75.792353,-712.964149,-77.903873,38.463413,-560.40239,-77.903873,38.463413,-605.846319,-77.903873,64.431372,-706.47216,-77.903873,75.792353,-712.964149,-81.149868,47.876798,-560.40239,-81.149868,56.965583,-605.846319,-81.149868,75.792353,-693.812778,-77.903873,75.792353,-693.812778,-77.903873,56.965583,-605.846319,-77.903873,47.876798,-560.40239],
  "indices" : [0,1,5,5,4,0,1,2,6,6,5,1,2,3,7,7,6,2,3,2,10,9,1,0,0,8,9,10,2,1,1,9,10,13,4,5,5,12,13,12,5,6,6,11,12,11,6,7,11,7,3,3,10,11]
}