{
  "obj_name" : " SKYLINE_GTR_BOTTOM_tire-house_Entity105",
  "vertices" : [275.90955,38.884605,559.343384,279.235424,99.039196,557.284576,281.677689,137.713666,547.117897,281.914639,167.265711,527.787888,282.052929,186.191517,503.981712,281.938732,200.463654,474.396301,282.076939,206.243973,436.478966,282.046906,202.450378,401.694895,282.107056,190.717289,368.58036,282.076939,168.226135,339.925186,281.566105,137.841414,319.932121,278.557541,99.158581,308.780121,269.09296,64.485672,305.338066,162.299732,38.884605,559.343384,162.299732,99.287666,557.290604,162.299694,137.831884,547.133011,162.299732,167.265711,527.787888,162.299732,186.493496,503.981056,162.299732,200.452343,474.395985,162.299732,206.243973,436.478966,162.299732,202.757126,401.703613,162.29977,190.681824,368.579327,162.299732,168.226135,339.925186,162.299732,137.796797,319.913345,162.29977,99.082207,308.769188,162.299732,64.485672,305.338066,254.485985,51.122787,305.304459,162.299732,51.122787,305.304459],
  "indices" : [1,0,14,13,14,0,2,1,15,14,15,1,3,2,16,15,16,2,4,3,17,16,17,3,5,4,18,17,18,4,6,5,19,18,19,5,7,6,20,19,20,6,8,7,21,20,21,7,9,8,22,21,22,8,10,9,23,22,23,9,11,10,24,23,24,10,12,11,25,24,25,11,25,24,13,14,13,24,24,23,14,15,14,23,23,22,15,16,15,22,22,21,16,17,16,21,19,18,20,21,20,17,18,17,20,25,27,12,26,12,27,25,13,27]
}