{
  "obj_name" : " SKYLINE_GTR_BOTTOM_tire-house_Entity107",
  "vertices" : [-275.909565,38.884605,559.343414,-279.235439,99.039196,557.284607,-281.677704,137.713666,547.117912,-281.914654,167.265711,527.787903,-282.052944,186.191517,503.981728,-281.938747,200.463654,474.396324,-282.076954,206.243973,436.478989,-282.046921,202.450378,401.694918,-282.107071,190.717289,368.580383,-282.076954,168.226135,339.925201,-281.56612,137.841414,319.932137,-278.557556,99.158581,308.780136,-269.092976,64.485672,305.338081,-162.299747,38.884605,559.343414,-162.299747,99.287666,557.290634,-162.299709,137.831884,547.133026,-162.299747,167.265711,527.787903,-162.299747,186.493496,503.981071,-162.299747,200.452343,474.396008,-162.299747,206.243973,436.478989,-162.299747,202.757126,401.703636,-162.299786,190.681824,368.57935,-162.299747,168.226135,339.925201,-162.299747,137.796797,319.913361,-162.299786,99.082207,308.769203,-162.299747,64.485672,305.338081,-254.486,51.122787,305.304474,-162.299747,51.122787,305.304474],
  "indices" : [0,1,14,14,13,0,1,2,15,15,14,1,2,3,16,16,15,2,3,4,17,17,16,3,4,5,18,18,17,4,5,6,19,19,18,5,6,7,20,20,19,6,7,8,21,21,20,7,8,9,22,22,21,8,9,10,23,23,22,9,10,11,24,24,23,10,11,12,25,25,24,11,24,25,13,13,14,24,23,24,14,14,15,23,22,23,15,15,16,22,21,22,16,16,17,21,18,19,20,20,21,17,17,18,20,27,25,12,12,26,27,13,25,27]
}