{
  "obj_name" : " SKYLINE_GTR_INTERIOR_A-pillar_Entity168",
  "vertices" : [237.94541,279.930302,235.757507,228.387712,279.801582,230.604568,241.073799,278.969299,202.035812,247.929657,277.855526,208.844673,225.81069,310.200331,190.768456,216.38007,309.517488,186.616188,229.223066,307.202579,161.861954,235.940477,305.863844,170.863647,216.553266,333.722023,122.122766,223.592383,332.115984,132.9071,202.8366,358.819006,81.444298,210.672396,356.499063,93.680847,183.412695,386.595798,64.538734,174.073765,386.032822,60.452148,187.845469,382.785202,38.45285,196.967539,378.900192,51.890526,169.130318,394.386185,50.775665,183.379213,389.991493,20.241516,191.871303,385.879078,33.226051,189.546722,389.206264,19.849396,189.696621,362.667603,101.807125,199.207956,363.479221,105.403357,203.633002,337.148782,143.783482,213.168666,337.874455,147.621063,179.37018,390.379608,56.59864,167.493332,390.329247,53.739853,159.053749,394.224442,49.844658,239.554419,275.258732,244.279747,249.617004,273.635735,213.280502,228.193438,275.258732,238.923851,241.015118,273.635735,205.165512,232.250929,273.635735,205.165512,231.601732,278.991627,202.08181,219.753852,307.231781,161.831482,207.256771,333.686639,122.068045,192.812095,358.8431,81.493111,175.932922,382.863461,38.483673,169.603233,396.172035,20.630707],
  "indices" : [1,0,5,4,5,0,20,21,13,12,13,21,11,9,10,8,10,9,4,23,5,22,5,23,22,23,20,21,20,23,9,7,8,6,8,7,7,3,6,2,6,3,10,14,11,15,11,14,19,18,17,14,17,15,18,15,17,24,25,12,13,12,25,16,26,24,25,24,26,0,1,27,29,27,1,28,30,3,2,3,30,30,31,2,32,2,31,1,32,29,31,29,32,2,32,6,33,6,32,5,33,1,32,1,33,6,33,8,34,8,33,5,22,33,34,33,22,8,34,10,35,10,34,20,35,22,34,22,35,10,35,14,36,14,35,20,13,35,36,35,13,13,25,36,14,36,17,37,17,36,26,37,25,36,25,37]
}