{
  "obj_name" : " SKYLINE_GTR_INTERIOR_B-pillar_Entity170",
  "vertices" : [-183.994097,393.026489,-135.792898,-200.882977,367.885284,-142.243599,-216.532856,341.946213,-148.694301,-231.124718,315.444996,-155.144923,-244.839577,288.617279,-161.595625,-169.586288,400.816879,-133.520702,-189.783136,367.885284,-142.243599,-204.157303,341.946213,-148.694301,-217.445831,315.444996,-155.144923,-233.087273,276.282501,-164.19242,-169.517662,400.878731,-149.946339,-189.565443,368.379236,-160.298891,-203.836686,342.823924,-168.379326,-217.080538,316.610931,-176.459682,-232.747774,277.593971,-187.136913,-183.922438,393.088341,-152.218535,-200.641033,368.379236,-160.298891,-216.169088,342.823924,-168.379326,-230.702106,316.610931,-176.459682,-244.43557,289.928749,-184.540117],
  "indices" : [6,5,1,0,1,5,7,6,2,1,2,6,8,7,3,2,3,7,9,8,4,3,4,8,11,10,6,5,6,10,12,11,7,6,7,11,13,12,8,7,8,12,14,13,9,8,9,13,16,15,11,10,11,15,17,16,12,11,12,16,18,17,13,12,13,17,19,18,14,13,14,18]
}