{
  "obj_name" : " SKYLINE_GTR_INTERIOR_back-mirro_Entity165",
  "vertices" : [-0.114434,373.311549,72.288306,-33.423703,362.593743,69.226087,-37.251416,366.283685,69.226087,-34.005421,381.150833,69.226087,-30.177706,384.029275,69.226087,29.948838,384.029275,69.226087,33.776553,381.150833,69.226087,37.022548,366.283685,69.226087,33.194835,362.593743,69.226087,-33.423703,362.593743,64.632798,-37.251416,366.283685,64.632798,-34.005421,381.150833,64.632798,-30.177706,384.029275,64.632798,29.948838,384.029275,64.632798,33.776553,381.150833,64.632798,37.022548,366.283685,64.632798,33.194835,362.593743,64.632798],
  "indices" : [0,2,1,0,3,2,0,4,3,0,5,4,0,6,5,0,7,6,0,8,7,0,1,8,1,2,10,10,9,1,2,3,11,11,10,2,3,4,12,12,11,3,4,5,13,13,12,4,5,6,14,14,13,5,6,7,15,15,14,6,7,8,16,16,15,7,8,1,9,9,16,8]
}