{
  "obj_name" : " SKYLINE_GTR_INTERIOR_C-pillar_Entity171",
  "vertices" : [237.449589,301.610172,-346.260888,239.960163,296.354904,-343.113636,242.877914,292.84103,-333.16089,189.300614,357.918711,-364.802364,195.887463,343.514728,-391.375854,202.429498,327.065673,-419.291016,154.353924,393.003983,-303.968647,162.100433,391.758881,-304.361164,169.007324,389.196915,-306.877918,174.72942,384.672531,-315.323847,230.992786,313.202597,-340.162998,224.823099,324.489204,-327.100327,215.079805,342.664596,-303.182667,205.558325,359.651625,-278.772484,193.86787,378.931614,-250.096558,188.187339,388.137882,-231.691849,183.584105,397.408424,-191.590828,184.906,393.883953,-212.438103,203.556324,302.200527,-494.76841,207.841062,303.985825,-481.07032,209.301758,308.854816,-461.918953,207.548914,315.022209,-444.617783,198.97948,342.613164,-308.188602,184.047904,343.586962,-384.469479,189.566095,359.492338,-284.168236,176.582117,357.869339,-356.878525,208.717463,324.435593,-331.559765,190.539893,327.03239,-409.788239,196.707283,315.022209,-436.729996,199.628679,308.854816,-454.90757,199.304079,303.985825,-473.085136,197.031883,302.362827,-484.770714,215.209455,313.07461,-344.543744,220.727644,301.713631,-350.711134,224.622839,296.195438,-347.465139,227.544233,292.949448,-338.051754,176.257517,379.942104,-258.200287,162.62434,384.811096,-306.890202,165.545732,392.601482,-238.237419,159.702946,402.501766,-216.00235,159.702946,404.449364,-191.981987],
  "indices" : [22,12,13,13,24,22,25,3,4,4,23,25,23,22,24,24,25,23,26,11,12,12,22,26,23,4,5,5,27,23,26,22,23,23,27,26,27,5,21,21,28,27,28,21,20,20,29,28,29,20,19,19,30,29,30,19,18,18,31,30,32,10,11,11,26,32,33,0,10,10,32,33,34,1,0,0,33,34,35,2,1,1,34,35,32,26,27,27,28,32,33,32,28,28,29,33,34,33,29,29,30,34,35,34,30,30,31,35,24,13,14,14,36,24,37,9,3,3,25,37,37,25,24,24,36,37,8,9,37,7,8,37,6,7,37,36,14,15,15,38,36,38,15,17,17,39,38,39,17,16,16,40,39,38,39,6,6,37,36,36,38,6]
}