{
  "obj_name" : " SKYLINE_GTR_INTERIOR_C-pillar_Entity172",
  "vertices" : [-237.449589,301.610172,-346.260861,-239.960163,296.354904,-343.113609,-242.877914,292.84103,-333.160863,-189.300616,357.918711,-364.802338,-195.887465,343.514728,-391.375832,-202.4295,327.065673,-419.290985,-154.353924,393.003983,-303.968624,-162.100433,391.758881,-304.361141,-169.007324,389.196915,-306.877895,-174.72942,384.672531,-315.32382,-230.992786,313.202597,-340.162972,-224.823099,324.489204,-327.1003,-215.079805,342.664596,-303.182644,-205.558327,359.651625,-278.772461,-193.867871,378.931614,-250.096527,-188.187341,388.137882,-231.691818,-183.584107,397.408424,-191.590797,-184.906002,393.883953,-212.438072,-203.556325,302.200527,-494.768379,-207.841063,303.985825,-481.07029,-209.30176,308.854816,-461.918922,-207.548916,315.022209,-444.617752,-198.979481,342.613164,-308.18858,-184.047906,343.586962,-384.469456,-189.566097,359.492338,-284.168213,-176.582117,357.869339,-356.878498,-208.717465,324.435593,-331.559738,-190.539895,327.03239,-409.788208,-196.707285,315.022209,-436.729965,-199.62868,308.854816,-454.907539,-199.30408,303.985825,-473.085106,-197.031884,302.362827,-484.770683,-215.209455,313.07461,-344.543717,-220.727644,301.713631,-350.711107,-224.622839,296.195438,-347.465113,-227.544233,292.949448,-338.051728,-176.257517,379.942104,-258.200256,-162.62434,384.811096,-306.890179,-165.545732,392.601482,-238.237389,-159.702946,402.501766,-216.002319,-159.702946,404.449364,-191.981956],
  "indices" : [12,22,13,24,13,22,3,25,4,23,4,25,22,23,24,25,24,23,11,26,12,22,12,26,4,23,5,27,5,23,22,26,23,27,23,26,5,27,21,28,21,27,21,28,20,29,20,28,20,29,19,30,19,29,19,30,18,31,18,30,10,32,11,26,11,32,0,33,10,32,10,33,1,34,0,33,0,34,2,35,1,34,1,35,26,32,27,28,27,32,32,33,28,29,28,33,33,34,29,30,29,34,34,35,30,31,30,35,13,24,14,36,14,24,9,37,3,25,3,37,25,37,24,36,24,37,9,8,37,8,7,37,7,6,37,14,36,15,38,15,36,15,38,17,39,17,38,17,39,16,40,16,39,39,38,6,37,6,36,38,36,6]
}