{
  "obj_name" : " SKYLINE_GTR_INTERIOR_front_Entity158",
  "vertices" : [-191.513695,263.773649,244.459179,-183.941017,277.885247,244.554909,-181.431419,280.210638,244.570683,-178.547504,281.920491,244.582249,-175.283718,282.782867,244.588116,-158.944809,284.022483,244.596512,-138.878384,284.809553,244.601826,-95.436508,284.877092,244.602299,-75.431805,284.116471,244.597187,-58.427906,282.782867,244.588116,-55.271542,281.928039,244.582291,-52.4533,280.239167,244.570839,-49.974297,277.942265,244.555267,-42.197929,263.773649,244.459179,-191.513695,252.699049,156.962421,-183.941017,286.970069,146.252735,-181.431419,292.617435,144.487926,-178.547504,296.769947,143.190243,-175.283718,298.86433,142.53577,-158.944809,301.87484,141.594982,-138.878384,303.786221,140.997688,-95.436508,303.950323,140.946415,-75.431805,302.103134,141.523697,-58.427906,298.86433,142.53577,-55.271542,296.788273,143.184494,-52.4533,292.686737,144.466213,-49.974297,287.108555,146.209389,-42.197929,252.699049,156.962421,-159.053745,263.735451,244.604282,-75.307079,263.735451,244.604282,-159.053745,252.69907,156.962421,-75.307079,252.69907,156.637821],
  "indices" : [1,2,16,16,15,1,2,3,17,17,16,2,3,4,18,18,17,3,4,5,19,19,18,4,5,6,20,20,19,5,7,8,22,22,21,7,8,9,23,23,22,8,9,10,24,24,23,9,10,11,25,25,24,10,11,12,26,26,25,11,13,27,26,26,12,13,1,15,14,14,0,1,7,21,20,20,6,7,29,13,12,12,11,29,29,8,7,9,8,29,29,11,10,10,9,29,6,5,28,28,29,7,7,6,28,28,5,4,2,1,0,0,28,2,28,4,3,3,2,28,18,19,30,30,19,20,30,14,15,15,16,30,16,17,18,18,30,16,21,22,31,31,30,20,20,21,31,31,22,23,31,23,24,24,25,31,25,26,27,27,31,25]
}