{
  "obj_name" : " SKYLINE_GTR_INTERIOR_handle_Entity161",
  "vertices" : [-137.504261,248.747871,85.848145,-150.631224,250.770813,86.743885,-163.286364,250.523342,86.634325,-173.953074,248.092967,85.558177,-137.97434,248.656935,91.070702,-151.594542,250.300932,91.263275,-164.890381,250.384143,90.764687,-174.312563,248.828308,89.832533,-136.75721,253.007764,95.034406,-152.203998,253.9945,94.40062,-167.650784,254.981335,93.766875,-174.67205,255.429917,93.478809,-139.844095,258.988664,95.645051,-153.611065,258.88166,95.062381,-166.404868,259.97544,95.011266,-174.67205,262.000699,95.664704,-140.750891,264.101879,92.64627,-153.956506,263.228685,92.259659,-165.746615,264.101879,92.64627,-174.67205,266.721518,93.806143,-140.043146,265.735753,89.098578,-152.788174,264.665609,89.385139,-165.061339,264.786838,89.688262,-174.67205,266.209517,90.020034,-139.335424,261.503518,86.178887,-151.619842,260.236343,87.138738,-164.376063,259.605589,87.358373,-174.67205,259.831188,86.862043,-138.419832,254.200683,83.991327,-151.125513,254.578577,84.919122,-163.831213,254.139484,84.974081,-174.312563,253.037086,84.187941],
  "indices" : [4,5,1,1,0,4,5,6,2,2,1,5,6,7,3,3,2,6,8,9,5,5,4,8,9,10,6,6,5,9,10,11,7,7,6,10,12,13,9,9,8,12,13,14,10,10,9,13,14,15,11,11,10,14,16,17,13,13,12,16,17,18,14,14,13,17,18,19,15,15,14,18,20,21,17,17,16,20,21,22,18,18,17,21,22,23,19,19,18,22,24,25,21,21,20,24,25,26,22,22,21,25,26,27,23,23,22,26,28,29,25,25,24,28,29,30,26,26,25,29,30,31,27,27,26,30,0,1,29,29,28,0,1,2,30,30,29,1,2,3,31,31,30,2]
}