{
  "obj_name" : " SKYLINE_GTR_INTERIOR_rear_Entity179",
  "vertices" : [37.234944,309.309801,-549.376305,0.001838,324.274779,-514.958457,29.213957,315.843038,-534.289956,29.213957,319.8533,-524.696441,19.313671,324.042781,-514.958377,27.755364,321.973143,-519.667289,24.564953,323.330144,-516.51235,0.0,305.933403,-511.712462,19.313668,305.933403,-511.712462,25.643359,305.939505,-513.497759,29.376252,306.439956,-518.204452,30.350052,307.167174,-524.047242,30.350052,307.995355,-534.109826,-37.234947,309.309801,-549.376305,-29.213958,315.843038,-534.289956,-29.213958,319.8533,-524.696441,-19.313671,324.042781,-514.958377,-27.755365,321.973143,-519.667289,-24.564954,323.330144,-516.51235,-19.313669,305.933403,-511.712462,-25.64336,305.939505,-513.497759,-29.376253,306.439956,-518.204452,-30.350052,307.167174,-524.047242,-30.350052,307.995355,-534.109826],
  "indices" : [1,7,4,8,4,7,3,11,2,12,2,11,5,10,3,11,3,10,6,9,5,10,5,9,4,8,6,9,6,8,2,12,0,14,23,15,22,15,23,15,22,17,21,17,22,17,21,18,20,18,21,18,20,16,19,16,20,14,13,23,16,19,1,7,1,19]
}