{
  "obj_name" : " SKYLINE_GTR_INTERIOR_seat_Group19_Entity182",
  "vertices" : [-77.417951,106.984146,-56.115137,-105.767906,105.826096,-58.720652,-134.435682,105.826111,-58.720652,-162.785619,106.984146,-56.115137,-77.66406,128.23275,-62.485086,-105.809254,127.089043,-67.151363,-134.394335,127.089066,-67.151442,-162.539521,128.23275,-62.485086,-78.480283,148.210953,-68.856461,-105.97918,146.855827,-75.046594,-134.224408,146.85585,-75.046673,-161.723298,148.210953,-68.856461,-79.983556,167.395065,-75.176164,-106.346456,165.942455,-81.858111,-133.857113,165.942474,-81.858191,-160.220002,167.395065,-75.176164,-81.507474,182.029264,-79.780706,-106.847242,181.319384,-86.298214,-133.356356,181.319384,-86.298214,-158.696096,182.029264,-79.780706,-82.77007,199.545632,-84.824678,-107.370834,199.387354,-90.595115,-132.832754,199.387373,-90.595273,-157.43353,199.545632,-84.824678,-82.8588,221.067445,-90.637196,-107.499494,220.197343,-94.697463,-132.704065,220.197382,-94.697542,-157.344781,221.067445,-90.637196,-82.547822,239.422354,-94.872205,-107.483901,238.742029,-97.616243,-132.719708,238.742048,-97.616323,-157.655748,239.422354,-94.872205,-83.063359,255.229774,-97.446415,-107.738267,254.058117,-99.298597,-132.465312,254.058136,-99.298676,-157.140199,255.229774,-97.446415,-84.569139,269.441704,-98.953393,-108.193656,267.99511,-100.11065,-132.009933,267.995152,-100.11065,-155.63445,269.441704,-98.953393,-87.960504,279.415253,-99.07266,-109.292022,278.450523,-99.716154,-130.911556,278.450569,-99.716154,-152.243085,279.415253,-99.07266,-92.710256,287.568085,-99.438866,-110.930384,287.246452,-99.632072,-129.273186,287.246452,-99.632072,-147.493312,287.568085,-99.438866,-95.116223,290.87204,-102.591823,-111.773274,290.87204,-102.591744,-128.430305,290.87204,-102.591823,-145.087346,290.87204,-102.591823],
  "indices" : [1,0,5,4,5,0,2,1,6,5,6,1,3,2,7,6,7,2,5,4,9,8,9,4,6,5,10,9,10,5,7,6,11,10,11,6,9,8,13,12,13,8,10,9,14,13,14,9,11,10,15,14,15,10,13,12,17,16,17,12,14,13,18,17,18,13,15,14,19,18,19,14,17,16,21,20,21,16,18,17,22,21,22,17,19,18,23,22,23,18,21,20,25,24,25,20,22,21,26,25,26,21,23,22,27,26,27,22,25,24,29,28,29,24,26,25,30,29,30,25,27,26,31,30,31,26,29,28,33,32,33,28,30,29,34,33,34,29,31,30,35,34,35,30,33,32,37,36,37,32,34,33,38,37,38,33,35,34,39,38,39,34,37,36,41,40,41,36,38,37,42,41,42,37,39,38,43,42,43,38,41,40,45,44,45,40,42,41,46,45,46,41,43,42,47,46,47,42,45,44,49,48,49,44,46,45,50,49,50,45,47,46,51,50,51,46]
}