{
  "obj_name" : " SKYLINE_GTR_INTERIOR_floor",
  "vertices" : [236.957626,70.274162,295.89106,-236.957626,70.274162,295.89106,236.957626,72.394103,-261.805321,-236.957626,72.393608,-261.770836],
  "indices" : [1,0,3,2,3,0]
}