{
  "obj_name" : " SKYLINE_GTR_LIGHT-etc_rear-lamp_Entity94",
  "vertices" : [62.420485,169.796379,-744.450283,91.959032,169.828831,-742.989585,108.773302,169.893735,-741.691188,108.773302,149.216763,-740.717389,91.959032,149.216763,-741.691188,62.128342,149.249216,-743.151885,58.426037,149.281668,-725.475954,58.427761,169.796379,-723.667992],
  "indices" : [4,5,1,0,1,5,7,0,6,5,6,0,1,2,4,3,4,2]
}