{
  "obj_name" : " SKYLINE_GTR_LIGHT-etc_tail-lamp_Group14_Entity98",
  "vertices" : [228.21917,255.945064,-692.301336,225.754975,255.945064,-696.247249,212.612658,255.945064,-699.980301,227.42352,251.071633,-693.469451,225.084953,251.841111,-697.231032,225.208005,246.839121,-694.917469,223.219259,248.276896,-698.450183,221.829667,243.501456,-696.522239,220.374339,245.466229,-699.801518,217.545505,241.312589,-698.162196,216.766616,243.622983,-701.182809,212.612658,240.526588,-699.715455,212.612658,242.961085,-702.490875,207.679772,241.312629,-700.964719,208.458641,243.623023,-703.542654,203.39565,243.501476,-701.758466,204.850998,245.466249,-704.211189,200.017291,246.839101,-702.072605,202.006038,248.276896,-704.47556,197.801817,251.071673,-701.883678,200.140384,251.841151,-704.316747,197.006147,255.945064,-701.167277,199.470342,255.945064,-703.713354,197.801777,260.818494,-699.999004,200.140344,260.049016,-702.72957,200.01731,265.051006,-698.551303,202.006057,263.613231,-701.51042,203.395669,268.388691,-696.946374,204.850998,266.423917,-700.158926,207.679812,270.577518,-695.306259,208.4587,268.267144,-698.777793,212.612658,271.363539,-693.753,212.612658,268.929043,-697.469727,217.545505,270.577499,-692.503894,216.766636,268.267124,-696.41779,221.829667,268.388671,-691.710147,220.374339,266.423877,-695.749413,225.208025,265.051045,-691.39585,223.219278,263.613251,-695.484884,227.42356,260.818533,-691.585094,225.084993,260.049036,-695.644172],
  "indices" : [1,0,4,3,4,0,2,1,4,4,3,6,5,6,3,2,4,6,6,5,8,7,8,5,2,6,8,8,7,10,9,10,7,2,8,10,10,9,12,11,12,9,2,10,12,12,11,14,13,14,11,2,12,14,14,13,16,15,16,13,2,14,16,16,15,18,17,18,15,2,16,18,18,17,20,19,20,17,2,18,20,20,19,22,21,22,19,2,20,22,22,21,24,23,24,21,2,22,24,24,23,26,25,26,23,2,24,26,26,25,28,27,28,25,2,26,28,28,27,30,29,30,27,2,28,30,30,29,32,31,32,29,2,30,32,32,31,34,33,34,31,2,32,34,34,33,36,35,36,33,2,34,36,36,35,38,37,38,35,2,36,38,38,37,40,39,40,37,2,38,40,40,39,1,0,1,39,2,40,1]
}