{
  "obj_name" : " SKYLINE_GTR_LIGHT-etc_tail-lamp_Group14_Entity101",
  "vertices" : [-228.21917,255.945064,-692.301373,-225.754975,255.945064,-696.247286,-212.612658,255.945064,-699.980338,-227.42352,251.071633,-693.469488,-225.084953,251.841111,-697.23107,-225.208005,246.839121,-694.917506,-223.219259,248.276896,-698.45022,-221.829667,243.501456,-696.522276,-220.374339,245.466229,-699.801555,-217.545505,241.312589,-698.162233,-216.766616,243.622983,-701.182846,-212.612658,240.526588,-699.715492,-212.612658,242.961085,-702.490912,-207.679772,241.312629,-700.964756,-208.458641,243.623023,-703.542691,-203.39565,243.501476,-701.758503,-204.850998,245.466249,-704.211226,-200.017291,246.839101,-702.072642,-202.006038,248.276896,-704.475597,-197.801817,251.071673,-701.883715,-200.140384,251.841151,-704.316784,-197.006147,255.945064,-701.167314,-199.470342,255.945064,-703.713391,-197.801777,260.818494,-699.999041,-200.140344,260.049016,-702.729607,-200.01731,265.051006,-698.55134,-202.006057,263.613231,-701.510458,-203.395669,268.388691,-696.946411,-204.850998,266.423917,-700.158963,-207.679812,270.577518,-695.306296,-208.4587,268.267144,-698.777831,-212.612658,271.363539,-693.753037,-212.612658,268.929043,-697.469764,-217.545505,270.577499,-692.503932,-216.766636,268.267124,-696.417828,-221.829667,268.388671,-691.710184,-220.374339,266.423877,-695.749451,-225.208025,265.051045,-691.395887,-223.219278,263.613251,-695.484921,-227.42356,260.818533,-691.585131,-225.084993,260.049036,-695.644209],
  "indices" : [0,1,4,4,3,0,1,2,4,3,4,6,6,5,3,4,2,6,5,6,8,8,7,5,6,2,8,7,8,10,10,9,7,8,2,10,9,10,12,12,11,9,10,2,12,11,12,14,14,13,11,12,2,14,13,14,16,16,15,13,14,2,16,15,16,18,18,17,15,16,2,18,17,18,20,20,19,17,18,2,20,19,20,22,22,21,19,20,2,22,21,22,24,24,23,21,22,2,24,23,24,26,26,25,23,24,2,26,25,26,28,28,27,25,26,2,28,27,28,30,30,29,27,28,2,30,29,30,32,32,31,29,30,2,32,31,32,34,34,33,31,32,2,34,33,34,36,36,35,33,34,2,36,35,36,38,38,37,35,36,2,38,37,38,40,40,39,37,38,2,40,39,40,1,1,0,39,40,2,1]
}