{
  "obj_name" : " SKYLINE_GTR_LIGHT-etc_tail-lamp_Group15_Entity103",
  "vertices" : [163.111239,249.453089,-708.755587,162.29974,249.453089,-711.301031,150.12726,249.453089,-712.964445,162.449301,245.505473,-709.518586,161.67918,245.752191,-712.016164,160.606084,242.077029,-710.354652,159.951149,242.538014,-712.799926,157.795427,239.373407,-711.199118,157.316165,240.003388,-713.591771,154.231183,237.600373,-711.98811,153.974687,238.341184,-714.331471,150.12726,236.963696,-712.657597,150.12726,237.744288,-714.959115,146.023327,237.600413,-713.109944,146.279813,238.341204,-715.38325,142.459103,239.373427,-713.295067,142.938354,240.003408,-715.556803,139.648426,242.077009,-713.218513,140.303361,242.538014,-715.484845,137.805228,245.505512,-712.886464,138.575359,245.752231,-715.173718,137.14328,249.453089,-712.304309,137.954779,249.453089,-714.627858,137.805219,253.400705,-711.54131,138.57535,253.153987,-713.912725,139.648426,256.829188,-710.705403,140.303361,256.368183,-713.128805,142.459103,259.53277,-709.860779,142.938364,258.902809,-712.336959,146.023327,261.305824,-709.071628,146.279833,260.565014,-711.597259,150.12726,261.942502,-708.402142,150.12726,261.161909,-710.969616,154.231203,261.305764,-707.949795,153.974707,260.564974,-710.545639,157.795437,259.53275,-707.76483,157.316165,258.902769,-710.372087,160.606093,256.829188,-707.841384,159.951159,256.368183,-710.443885,162.449321,253.400745,-708.173749,161.679199,253.154006,-710.755488],
  "indices" : [1,0,4,3,4,0,2,1,4,4,3,6,5,6,3,2,4,6,6,5,8,7,8,5,2,6,8,8,7,10,9,10,7,2,8,10,10,9,12,11,12,9,2,10,12,12,11,14,13,14,11,2,12,14,14,13,16,15,16,13,2,14,16,16,15,18,17,18,15,2,16,18,18,17,20,19,20,17,2,18,20,20,19,22,21,22,19,2,20,22,22,21,24,23,24,21,2,22,24,24,23,26,25,26,23,2,24,26,26,25,28,27,28,25,2,26,28,28,27,30,29,30,27,2,28,30,30,29,32,31,32,29,2,30,32,32,31,34,33,34,31,2,32,34,34,33,36,35,36,33,2,34,36,36,35,38,37,38,35,2,36,38,38,37,40,39,40,37,2,38,40,40,39,1,0,1,39,2,40,1]
}