{
  "obj_name" : " SKYLINE_GTR_BLK-PARTS_door-glass_Group13_Entity83",
  "vertices" : [-183.994095,393.026447,-135.792898,-187.077791,393.026447,-135.792898,-187.006132,393.088303,-152.218536,-183.922436,393.088303,-152.218536,-200.882977,367.885246,-142.243599,-203.966671,367.885246,-142.243599,-203.724728,368.379198,-160.298891,-200.641033,368.379198,-160.298891,-216.532856,341.946174,-148.694302,-219.616551,341.946174,-148.694302,-219.252784,342.823884,-168.379327,-216.169088,342.823884,-168.379327,-231.124716,315.444956,-155.144924,-234.208412,315.444956,-155.144924,-233.785803,316.610893,-176.459682,-230.702106,316.610893,-176.459682,-244.839579,288.617237,-161.595625,-247.923275,288.617237,-161.595625,-247.519268,289.928711,-184.540117,-244.435574,289.928711,-184.540117],
  "indices" : [0,1,5,5,4,0,1,2,6,6,5,1,2,3,7,7,6,2,3,0,4,4,7,3,4,5,9,9,8,4,5,6,10,10,9,5,6,7,11,11,10,6,7,4,8,8,11,7,8,9,13,13,12,8,9,10,14,14,13,9,10,11,15,15,14,10,11,8,12,12,15,11,12,13,17,17,16,12,13,14,18,18,17,13,14,15,19,19,18,14,15,12,16,16,19,15]
}