{
  "obj_name" : " SKYLINE_GTR_LIGHT-etc_winker_Entity93",
  "vertices" : [-274.921071,215.193336,266.352492,-275.235071,212.942933,264.080296,-275.9528,207.799189,264.080296,-276.2668,205.548786,266.352492,-276.2668,205.548786,284.530064,-275.9528,207.799189,286.802259,-275.235071,212.942933,286.802259,-274.921071,215.193336,284.530064,-278.248057,214.838207,267.163991,-278.562057,212.587804,264.891794,-279.055495,209.051484,264.891794,-279.369514,206.801081,267.163991,-279.369514,206.801081,283.718564,-279.055495,209.051484,285.990761,-278.562057,212.587804,285.990761,-278.248057,214.838207,283.718564,-278.808776,210.819644,275.441277],
  "indices" : [0,1,9,9,8,0,1,2,10,10,9,1,2,3,11,11,10,2,3,4,12,12,11,3,4,5,13,13,12,4,5,6,14,14,13,5,6,7,15,15,14,6,7,0,8,8,15,7,8,9,16,9,10,16,10,11,16,11,12,16,12,13,16,13,14,16,14,15,16,15,8,16]
}