{
  "obj_name" : " SKYLINE_GTR_OTHERS_GT-R_mark_silver_Group010_Entity173",
  "vertices" : [-0.466527,186.650591,707.92911,-7.462137,186.657149,707.927778,-8.130336,186.583329,707.942768,-8.740084,186.26402,708.007588,-9.048428,185.779478,708.105955,-9.148578,185.120294,708.239772,-9.070236,184.413403,708.38328,-8.745909,183.855616,708.496513,-8.106799,183.586431,708.55116,-7.441399,183.542666,708.560045,-3.381444,183.549204,708.558713,-3.381444,185.038748,708.256325,-5.838154,185.038748,708.256325,-5.838154,185.854843,708.090655,-0.466527,185.854843,708.090655,-0.466527,182.590265,708.753388,-8.690614,182.589393,708.753564,-9.95763,182.653663,708.74052,-10.901953,182.900837,708.690341,-11.611821,183.435364,708.581826,-12.000601,184.251697,708.416104,-12.1051,185.201959,708.223197,-11.982533,186.135103,708.033762,-11.578269,186.874348,707.883686,-10.79588,187.402872,707.776392,-9.957555,187.620883,707.732132,-8.64889,187.704331,707.715193,-0.473229,187.705084,707.715042,-0.474502,187.143374,704.938418,-0.467424,186.088426,705.152583,-7.464604,186.09536,705.151176,-8.130326,186.019005,705.166674,-8.739396,185.699755,705.231486,-9.051009,185.213906,705.330115,-9.150158,184.554543,705.46397,-9.072257,183.846602,705.607689,-8.746474,183.291371,705.720406,-8.101995,183.02068,705.775357,-7.443361,182.979015,705.783812,-3.37819,182.985969,705.782403,-3.37819,184.478207,705.479468,-5.835703,184.478188,705.47947,-5.835703,185.290241,705.314617,-0.467419,185.290261,705.314617,-0.467419,182.028159,705.976845,-8.689816,182.028159,705.976845,-9.957526,182.090626,705.964163,-10.899451,182.340515,705.913437,-11.614758,182.874923,705.804947,-11.997199,183.686977,705.640096,-12.103426,184.637833,705.447063,-11.983028,185.57482,705.256848,-11.579344,186.310519,705.107496,-10.793225,186.837993,705.000412,-9.957526,187.060085,704.955325,-8.64733,187.143394,704.938415],
  "indices" : [12,11,13,14,13,11,11,10,14,15,14,10,27,26,0,1,0,26,1,26,2,26,25,2,3,2,25,25,24,3,4,3,23,24,23,3,21,5,22,23,22,4,5,4,22,21,20,5,20,19,5,6,5,19,19,18,6,7,6,18,18,17,7,17,16,7,8,7,16,8,16,9,10,9,15,16,15,9,27,28,26,55,26,28,0,29,27,28,27,29,1,30,0,29,0,30,2,31,1,30,1,31,3,32,2,31,2,32,4,33,3,32,3,33,5,34,4,33,4,34,6,35,5,34,5,35,7,36,6,35,6,36,8,37,7,36,7,37,9,38,8,37,8,38,10,39,9,38,9,39,11,40,10,39,10,40,12,41,11,40,11,41,13,42,12,41,12,42,14,43,13,42,13,43,15,44,14,43,14,44,16,45,15,44,15,45,17,46,16,45,16,46,18,47,17,46,17,47,19,48,18,47,18,48,20,49,19,48,19,49,21,50,20,49,20,50,22,51,21,50,21,51,23,52,22,51,22,52,24,53,23,52,23,53,25,54,24,53,24,54,26,55,25,54,25,55]
}