{
  "obj_name" : " SKYLINE_GTR_OTHERS_GT-R_mark_silver_Group010_Entity187",
  "vertices" : [0.414501,187.711623,707.713894,11.609275,187.711623,707.713894,11.616616,186.671039,707.925144,7.590797,186.671039,707.925144,7.597617,182.508581,708.770147,4.703439,182.508581,708.770147,4.696861,186.663709,707.92663,0.407929,186.663709,707.92663,4.702562,187.711623,707.713894,7.59209,187.711623,707.713894,4.702567,187.15031,704.937193,0.417854,187.15031,704.937193,0.410777,186.102277,705.149951,4.695484,186.102277,705.149949,4.702567,181.944851,705.993937,7.599173,181.944851,705.993937,7.59209,186.109211,705.148542,11.614764,186.109211,705.148542,11.60768,187.15031,704.937193,7.592095,187.15031,704.937193],
  "indices" : [1,9,2,3,2,9,4,3,5,6,5,3,8,6,9,3,9,6,8,0,6,7,6,0,1,18,9,19,9,18,2,17,1,18,1,17,3,16,2,17,2,16,4,15,3,16,3,15,5,14,4,15,4,14,6,13,5,14,5,13,7,12,6,13,6,12,0,11,7,12,7,11,8,10,0,11,0,10,9,19,8,10,8,19]
}