{
  "obj_name" : " SKYLINE_GTR_OTHERS_GT-R_mark_silver_Group020_Entity190",
  "vertices" : [-89.565937,244.379384,-724.582428,-82.557746,244.434858,-725.025582,-81.888344,244.364327,-725.076301,-81.277501,244.043472,-725.150794,-80.968603,243.552274,-725.224494,-80.868275,242.881797,-725.304693,-80.94676,242.161512,-725.378711,-81.271666,241.591324,-725.420554,-81.911925,241.312807,-725.410093,-82.578524,241.263594,-725.372846,-86.64577,241.241959,-725.114498,-86.64577,242.758566,-724.94776,-84.184647,242.775704,-725.10372,-84.184647,243.606638,-725.012427,-89.565937,243.569154,-724.671502,-89.565937,240.245258,-725.036677,-81.327066,240.301723,-725.558762,-80.057766,240.375978,-725.631987,-79.111749,240.634247,-725.664162,-78.400608,241.183435,-725.649422,-78.011125,242.017321,-725.582853,-77.906438,242.985572,-725.483159,-78.029228,243.934804,-725.370944,-78.434215,244.684687,-725.262533,-79.218016,245.217372,-725.153805,-80.057846,245.433501,-725.076142,-81.368864,245.509341,-724.983739,-89.55922,245.453075,-724.464824,-89.467511,245.300027,-723.054211,-89.474604,244.225842,-723.171815,-82.464848,244.281711,-723.615127,-81.797932,244.208605,-723.665846,-81.187768,243.88779,-723.740339,-80.87559,243.395284,-723.814357,-80.776268,242.724648,-723.894397,-80.854307,242.003274,-723.968732,-81.180675,241.435681,-724.010258,-81.826308,241.155579,-723.999638,-82.486131,241.108585,-723.962392,-86.558607,241.087307,-723.703727,-86.558607,242.606648,-723.536672,-84.096681,242.623785,-723.692632,-84.096681,243.450599,-723.601814,-89.474604,243.413154,-723.261206,-89.474604,240.091794,-723.626064,-81.237431,240.149131,-724.14799,-79.967444,240.221563,-724.221374,-79.023829,240.482546,-724.253232,-78.307234,241.031675,-724.238809,-77.92411,241.861143,-724.17224,-77.81769,242.830008,-724.072546,-77.938301,243.783202,-723.960173,-78.342713,244.52946,-723.852237,-79.130244,245.061055,-723.743192,-79.967444,245.281364,-723.665371,-81.279997,245.357026,-723.572968],
  "indices" : [12,11,13,14,13,11,11,10,14,15,14,10,27,26,0,1,0,26,1,26,2,26,25,2,3,2,25,25,24,3,4,3,23,24,23,3,21,5,22,23,22,4,5,4,22,21,20,5,20,19,5,6,5,19,19,18,6,7,6,18,18,17,7,17,16,7,8,7,16,8,16,9,10,9,15,16,15,9,27,28,26,55,26,28,0,29,27,28,27,29,1,30,0,29,0,30,2,31,1,30,1,31,3,32,2,31,2,32,4,33,3,32,3,33,5,34,4,33,4,34,6,35,5,34,5,35,7,36,6,35,6,36,8,37,7,36,7,37,9,38,8,37,8,38,10,39,9,38,9,39,11,40,10,39,10,40,12,41,11,40,11,41,13,42,12,41,12,42,14,43,13,42,13,43,15,44,14,43,14,44,16,45,15,44,15,45,17,46,16,45,16,46,18,47,17,46,17,47,19,48,18,47,18,48,20,49,19,48,19,49,21,50,20,49,20,50,22,51,21,50,21,51,23,52,22,51,22,52,24,53,23,52,23,53,25,54,24,53,24,54,26,55,25,54,25,55]
}