{
  "obj_name" : " SKYLINE_GTR_OTHERS_GT-R_mark_silver_Group020_Entity200",
  "vertices" : [-90.448541,245.45358,-724.407766,-101.663429,245.375501,-723.697388,-101.670799,244.315956,-723.813407,-97.637734,244.34401,-724.068902,-97.644569,240.105871,-724.534088,-94.745185,240.126079,-724.717784,-94.738597,244.356749,-724.253233,-90.441963,244.386665,-724.525529,-94.744313,245.423684,-724.135629,-97.639032,245.403515,-723.952249,-94.653891,245.271013,-722.725016,-90.361467,245.300889,-722.996836,-90.354374,244.233856,-723.114599,-94.646798,244.203979,-722.84262,-94.653891,239.970952,-723.30733,-97.555702,239.950743,-723.123475,-97.5486,244.190824,-722.658131,-101.578495,244.16277,-722.402794,-101.571402,245.22285,-722.286775,-97.54861,245.250844,-722.541636],
  "indices" : [1,9,2,3,2,9,4,3,5,6,5,3,8,6,9,3,9,6,8,0,6,7,6,0,1,18,9,19,9,18,2,17,1,18,1,17,3,16,2,17,2,16,4,15,3,16,3,15,5,14,4,15,4,14,6,13,5,14,5,13,7,12,6,13,6,12,0,11,7,12,7,11,8,10,0,11,0,10,9,19,8,10,8,19]
}