{
  "obj_name" : " SKYLINE_GTR_OTHERS_wiper_Group16_Entity148",
  "vertices" : [-100.107398,282.410233,296.72909,-99.613128,284.438881,292.615885,-37.398676,287.374462,293.311088,-20.376224,291.355956,286.974344,-19.098392,290.610947,288.641721,-36.092354,285.891218,296.498875,-100.00838,280.527223,295.812231,-99.51403,282.555871,291.699066,-37.299656,285.491531,292.394149,-20.277164,289.472867,286.057446,-18.999331,288.728095,287.724862,-35.993253,284.008129,295.581897],
  "indices" : [1,2,8,8,7,1,2,3,9,9,8,2,3,4,10,10,9,3,4,5,11,11,10,4,5,0,6,6,11,5,2,1,0,0,5,2,5,4,3,3,2,5]
}