{
  "obj_name" : " SKYLINE_GTR_OTHERS_wiper_Group17_Entity1500",
  "vertices" : [-50.47882,285.714297,299.053563,-60.757274,284.852317,303.087242,-50.559257,283.806641,308.253533,33.396585,284.051596,308.161843,33.35003,285.62966,300.612686,-50.477946,281.86364,298.260925,-60.199683,281.00071,302.305382,-50.558307,279.955984,307.460855,33.397382,280.200861,307.369245,33.350858,281.779083,299.820088],
  "indices" : [5,6,1,1,0,5,6,7,2,2,1,6,0,1,2,3,8,9,9,4,3,8,3,2,2,7,8,0,2,3,3,4,0,5,0,4,4,9,5]
}