{
  "obj_name" : " SKYLINE_GTR_OTHERS_wiper_Group17_Entity151",
  "vertices" : [33.342729,283.48433,306.608631,33.357034,284.445528,302.097008,95.212569,284.37151,294.774263,111.38061,285.875794,285.713293,112.842576,285.487796,287.350396,96.878955,283.629116,298.051481,33.288518,281.434503,306.171618,33.302789,282.395622,301.660075,95.158285,282.321684,294.337369,111.326446,283.825651,285.27632,112.788411,283.43789,286.913424,96.824828,281.579051,297.614429],
  "indices" : [1,2,8,8,7,1,2,3,9,9,8,2,3,4,10,10,9,3,4,5,11,11,10,4,5,0,6,6,11,5,2,1,0,0,5,2,5,4,3,3,2,5]
}