{
  "obj_name" : " SKYLINE_GTR_OTHERS_wiper_Group17_Entity152",
  "vertices" : [16.029679,282.459337,303.093673,117.29778,284.630017,283.673892,218.303773,280.344131,257.133487,16.984696,281.588878,306.715184,117.936954,283.794823,287.212828,219.258828,279.474068,260.755235,219.19317,278.801412,260.604783,218.207047,279.692475,256.955218,117.695168,280.647096,286.523133,117.045058,281.490056,283.005317],
  "indices" : [1,0,4,3,4,0,2,1,5,4,5,1,5,6,2,7,2,6,4,8,1,9,1,8,4,8,5,6,5,8,2,7,1,9,1,7,8,9,6,7,6,9,4,3,8,1,9,0,3,0,8,9,8,0]
}