{
  "obj_name" : " SKYLINE_GTR_BODY_door-glas0_Entity60",
  "vertices" : [196.491081,377.119652,-179.171005,196.240976,376.811256,-197.565002,195.738564,375.747631,-215.611815,215.270738,342.585625,-203.237093,214.185972,343.306544,-230.322685,212.531513,343.668072,-257.242727,234.050375,308.051563,-227.30334,232.130972,309.80179,-263.080448,229.324445,311.588516,-298.873649,196.643456,377.02911,-168.544254,215.844175,341.81066,-180.647155,235.101698,306.459591,-192.750213,237.673491,301.388992,-231.946396,235.59371,303.33659,-269.401497,232.624626,305.284184,-307.055038,212.196731,343.222105,-279.08068,224.60109,318.939392,-310.226074,191.299412,386.666645,-172.517906,191.66831,385.348755,-189.217819,192.039547,382.81385,-206.441721,196.637115,372.54447,-234.846395,194.28363,377.04789,-225.596181,192.694431,380.428963,-216.109174,194.415241,381.1078,-167.179763,191.648102,386.09507,-169.387535,193.004093,383.6702,-167.351734,238.589537,299.974533,-203.667568,237.229128,302.539848,-195.487598,238.317579,300.514767,-199.054388,230.409745,308.703571,-312.597961,226.863618,314.726732,-313.219894,228.724617,311.474239,-313.481887,231.820854,306.440689,-310.683326],
  "indices" : [1,0,4,3,4,0,2,1,5,4,5,1,4,3,7,6,7,3,5,4,8,7,8,4,0,9,3,10,3,9,6,12,7,13,7,12,7,13,8,14,8,13,1,18,0,17,0,18,2,19,1,18,1,19,2,22,19,9,0,23,25,23,0,24,25,17,0,17,25,10,11,3,6,3,11,27,28,11,6,11,28,12,6,26,28,26,6,5,8,15,16,15,8,16,8,30,31,30,8,14,32,8,31,8,29,32,29,8,15,20,5,2,5,20,22,2,21,20,21,2]
}