{
  "obj_name" : " SKYLINE_GTR_BODY_door-mirro_Group08_Entity32",
  "vertices" : [228.156649,325.645054,131.193098,240.282452,299.817246,168.491845,250.152225,276.865602,199.702134,241.057774,298.702981,158.499436,251.089173,275.163654,181.307421,241.612153,297.862755,148.823621,251.720204,273.900999,163.454451,241.970116,297.231248,138.278735,252.099822,272.970409,144.195622,221.98926,325.645054,131.193098,235.802725,297.231248,138.278735,245.932432,272.970409,144.195622,234.115062,299.817246,168.491845,243.984835,276.865602,199.702134],
  "indices" : [0,1,3,1,2,4,4,3,1,0,3,5,3,4,6,6,5,3,0,5,7,5,6,8,8,7,5,0,7,10,10,9,0,7,8,11,11,10,7,9,10,12,10,11,13,13,12,10]
}